model_name,layer,denoise_index,count,x_t_norm_mean,x_t_norm_std,v_t_norm_mean,v_t_norm_std,suffix_hidden_norm_mean,suffix_hidden_norm_std
ours_v1_corner_12k,3,0,10,40.152682876586915,0.7227868328816696,21.980490112304686,0.7655407228317057,189.73570556640624,0.004905665324841589
ours_v1_corner_12k,3,1,10,39.41870765686035,0.711136534244245,21.87678756713867,0.7409088498181087,189.73653411865234,0.004581822071439034
ours_v1_corner_12k,3,2,10,38.80822563171387,0.6990920891640414,22.04356155395508,0.7262358151024724,189.73351287841797,0.0038626517683638703
ours_v1_corner_12k,3,3,10,38.29023895263672,0.6837761411622278,22.093537712097167,0.6991603952644566,189.73840942382813,0.0033672465653339315
ours_v1_corner_12k,3,4,10,37.85732231140137,0.6649880787444064,22.242618751525878,0.6783136605337051,189.73605194091797,0.0038381993919392758
ours_v1_corner_12k,3,5,10,37.506782913208006,0.6421272108416257,22.610463905334473,0.6589816486392476,189.73798675537108,0.0049229405873154435
ours_v1_corner_12k,3,6,10,37.23564147949219,0.6155751038228549,23.019050788879394,0.6385151251660651,189.7365936279297,0.003558958076812816
ours_v1_corner_12k,3,7,10,37.03524971008301,0.5867000803065844,23.52061195373535,0.6037599662936562,189.73550109863282,0.005029745915190115
ours_v1_corner_12k,3,8,10,36.86625862121582,0.5579612711983307,24.614227485656738,0.6178034906134036,189.73628845214844,0.0020585028286278137
ours_v1_corner_12k,3,9,10,36.6725959777832,0.534821321889572,26.878529930114745,0.585934917954037,189.73572235107423,0.009347654361182666
ours_v1_corner_12k,7,0,10,40.152682876586915,0.7227868328816696,21.980490112304686,0.7655407228317057,189.73570556640624,0.004905665324841589
ours_v1_corner_12k,7,1,10,39.41870765686035,0.711136534244245,21.87678756713867,0.7409088498181087,189.73653411865234,0.004581822071439034
ours_v1_corner_12k,7,2,10,38.80822563171387,0.6990920891640414,22.04356155395508,0.7262358151024724,189.73351287841797,0.0038626517683638703
ours_v1_corner_12k,7,3,10,38.29023895263672,0.6837761411622278,22.093537712097167,0.6991603952644566,189.73840942382813,0.0033672465653339315
ours_v1_corner_12k,7,4,10,37.85732231140137,0.6649880787444064,22.242618751525878,0.6783136605337051,189.73605194091797,0.0038381993919392758
ours_v1_corner_12k,7,5,10,37.506782913208006,0.6421272108416257,22.610463905334473,0.6589816486392476,189.73798675537108,0.0049229405873154435
ours_v1_corner_12k,7,6,10,37.23564147949219,0.6155751038228549,23.019050788879394,0.6385151251660651,189.7365936279297,0.003558958076812816
ours_v1_corner_12k,7,7,10,37.03524971008301,0.5867000803065844,23.52061195373535,0.6037599662936562,189.73550109863282,0.005029745915190115
ours_v1_corner_12k,7,8,10,36.86625862121582,0.5579612711983307,24.614227485656738,0.6178034906134036,189.73628845214844,0.0020585028286278137
ours_v1_corner_12k,7,9,10,36.6725959777832,0.534821321889572,26.878529930114745,0.585934917954037,189.73572235107423,0.009347654361182666
ours_v1_corner_12k,11,0,10,40.152682876586915,0.7227868328816696,21.980490112304686,0.7655407228317057,189.73570556640624,0.004905665324841589
ours_v1_corner_12k,11,1,10,39.41870765686035,0.711136534244245,21.87678756713867,0.7409088498181087,189.73653411865234,0.004581822071439034
ours_v1_corner_12k,11,2,10,38.80822563171387,0.6990920891640414,22.04356155395508,0.7262358151024724,189.73351287841797,0.0038626517683638703
ours_v1_corner_12k,11,3,10,38.29023895263672,0.6837761411622278,22.093537712097167,0.6991603952644566,189.73840942382813,0.0033672465653339315
ours_v1_corner_12k,11,4,10,37.85732231140137,0.6649880787444064,22.242618751525878,0.6783136605337051,189.73605194091797,0.0038381993919392758
ours_v1_corner_12k,11,5,10,37.506782913208006,0.6421272108416257,22.610463905334473,0.6589816486392476,189.73798675537108,0.0049229405873154435
ours_v1_corner_12k,11,6,10,37.23564147949219,0.6155751038228549,23.019050788879394,0.6385151251660651,189.7365936279297,0.003558958076812816
ours_v1_corner_12k,11,7,10,37.03524971008301,0.5867000803065844,23.52061195373535,0.6037599662936562,189.73550109863282,0.005029745915190115
ours_v1_corner_12k,11,8,10,36.86625862121582,0.5579612711983307,24.614227485656738,0.6178034906134036,189.73628845214844,0.0020585028286278137
ours_v1_corner_12k,11,9,10,36.6725959777832,0.534821321889572,26.878529930114745,0.585934917954037,189.73572235107423,0.009347654361182666
ours_v2_corner_12k,3,0,10,40.152682876586915,0.7227868328816696,20.689805603027345,0.7111811810628095,189.73888549804687,0.00512370142680092
ours_v2_corner_12k,3,1,10,39.403391647338864,0.709243289125679,20.6427640914917,0.7058878071775256,189.73772583007812,0.002555755613594566
ours_v2_corner_12k,3,2,10,38.76851959228516,0.6950391049563072,20.844721794128418,0.7044989941973593,189.73301544189454,0.004095007847414107
ours_v2_corner_12k,3,3,10,38.20679473876953,0.6770324410139125,21.09515800476074,0.6852603980321237,189.73712921142578,0.002917033923463221
ours_v2_corner_12k,3,4,10,37.7142219543457,0.6549869815843835,21.371130180358886,0.6873815048467513,189.7356750488281,0.005437483131174252
ours_v2_corner_12k,3,5,10,37.29781150817871,0.6300576220405937,21.71168632507324,0.6823634319847848,189.73604888916014,0.003711105957725091
ours_v2_corner_12k,3,6,10,36.946699905395505,0.6017229787333854,22.248217010498045,0.6651789512127368,189.7376678466797,0.00607717858965549
ours_v2_corner_12k,3,7,10,36.64597434997559,0.5724632388804556,22.974129486083985,0.7029912269463056,189.73651580810548,0.006061666258341185
ours_v2_corner_12k,3,8,10,36.36993942260742,0.5437150345963353,24.053193664550783,0.8483523473166431,189.73509674072267,0.003733717180615642
ours_v2_corner_12k,3,9,10,36.03755874633789,0.5240332012685599,26.537734603881837,0.953067202515146,189.73533325195314,0.004047037049587567
ours_v2_corner_12k,7,0,10,40.152682876586915,0.7227868328816696,20.689805603027345,0.7111811810628095,189.73888549804687,0.00512370142680092
ours_v2_corner_12k,7,1,10,39.403391647338864,0.709243289125679,20.6427640914917,0.7058878071775256,189.73772583007812,0.002555755613594566
ours_v2_corner_12k,7,2,10,38.76851959228516,0.6950391049563072,20.844721794128418,0.7044989941973593,189.73301544189454,0.004095007847414107
ours_v2_corner_12k,7,3,10,38.20679473876953,0.6770324410139125,21.09515800476074,0.6852603980321237,189.73712921142578,0.002917033923463221
ours_v2_corner_12k,7,4,10,37.7142219543457,0.6549869815843835,21.371130180358886,0.6873815048467513,189.7356750488281,0.005437483131174252
ours_v2_corner_12k,7,5,10,37.29781150817871,0.6300576220405937,21.71168632507324,0.6823634319847848,189.73604888916014,0.003711105957725091
ours_v2_corner_12k,7,6,10,36.946699905395505,0.6017229787333854,22.248217010498045,0.6651789512127368,189.7376678466797,0.00607717858965549
ours_v2_corner_12k,7,7,10,36.64597434997559,0.5724632388804556,22.974129486083985,0.7029912269463056,189.73651580810548,0.006061666258341185
ours_v2_corner_12k,7,8,10,36.36993942260742,0.5437150345963353,24.053193664550783,0.8483523473166431,189.73509674072267,0.003733717180615642
ours_v2_corner_12k,7,9,10,36.03755874633789,0.5240332012685599,26.537734603881837,0.953067202515146,189.73533325195314,0.004047037049587567
ours_v2_corner_12k,11,0,10,40.152682876586915,0.7227868328816696,20.689805603027345,0.7111811810628095,189.73888549804687,0.00512370142680092
ours_v2_corner_12k,11,1,10,39.403391647338864,0.709243289125679,20.6427640914917,0.7058878071775256,189.73772583007812,0.002555755613594566
ours_v2_corner_12k,11,2,10,38.76851959228516,0.6950391049563072,20.844721794128418,0.7044989941973593,189.73301544189454,0.004095007847414107
ours_v2_corner_12k,11,3,10,38.20679473876953,0.6770324410139125,21.09515800476074,0.6852603980321237,189.73712921142578,0.002917033923463221
ours_v2_corner_12k,11,4,10,37.7142219543457,0.6549869815843835,21.371130180358886,0.6873815048467513,189.7356750488281,0.005437483131174252
ours_v2_corner_12k,11,5,10,37.29781150817871,0.6300576220405937,21.71168632507324,0.6823634319847848,189.73604888916014,0.003711105957725091
ours_v2_corner_12k,11,6,10,36.946699905395505,0.6017229787333854,22.248217010498045,0.6651789512127368,189.7376678466797,0.00607717858965549
ours_v2_corner_12k,11,7,10,36.64597434997559,0.5724632388804556,22.974129486083985,0.7029912269463056,189.73651580810548,0.006061666258341185
ours_v2_corner_12k,11,8,10,36.36993942260742,0.5437150345963353,24.053193664550783,0.8483523473166431,189.73509674072267,0.003733717180615642
ours_v2_corner_12k,11,9,10,36.03755874633789,0.5240332012685599,26.537734603881837,0.953067202515146,189.73533325195314,0.004047037049587567
ours_v3_corner_12k,3,0,10,40.152682876586915,0.7227868328816696,22.257175064086915,0.8546674870537438,189.73788757324218,0.0038756711459384677
ours_v3_corner_12k,3,1,10,39.30027732849121,0.7067679894358391,22.088449478149414,0.8476211880524311,189.73369903564452,0.004128431966477029
ours_v3_corner_12k,3,2,10,38.57462615966797,0.6910831929262562,22.276665687561035,0.8399825008035042,189.736083984375,0.0043482301629709005
ours_v3_corner_12k,3,3,10,37.9324649810791,0.67386394860844,22.416286849975585,0.8303547265562182,189.73638153076172,0.005249508014756064
ours_v3_corner_12k,3,4,10,37.373713684082034,0.6559102271439509,22.763319969177246,0.8192137115294136,189.7371383666992,0.004773823543381262
ours_v3_corner_12k,3,5,10,36.89505462646484,0.6379867106925917,22.971002769470214,0.7993423049704373,189.73546905517577,0.00469096001441134
ours_v3_corner_12k,3,6,10,36.47686614990234,0.6218043245359333,23.605428314208986,0.7468961533395795,189.73655700683594,0.005635581263279071
ours_v3_corner_12k,3,7,10,36.10898628234863,0.6104031126794031,24.449401664733887,0.699620206880061,189.73226928710938,0.0034129719312670746
ours_v3_corner_12k,3,8,10,35.762735748291014,0.6097299228808036,26.307751655578613,0.8062612175228115,189.73849182128907,0.004596841833992091
ours_v3_corner_12k,3,9,10,35.36090354919433,0.6300061206570097,31.112361907958984,1.0593200155586129,189.7337631225586,0.005539282796067725
ours_v3_corner_12k,7,0,10,40.152682876586915,0.7227868328816696,22.257175064086915,0.8546674870537438,189.73788757324218,0.0038756711459384677
ours_v3_corner_12k,7,1,10,39.30027732849121,0.7067679894358391,22.088449478149414,0.8476211880524311,189.73369903564452,0.004128431966477029
ours_v3_corner_12k,7,2,10,38.57462615966797,0.6910831929262562,22.276665687561035,0.8399825008035042,189.736083984375,0.0043482301629709005
ours_v3_corner_12k,7,3,10,37.9324649810791,0.67386394860844,22.416286849975585,0.8303547265562182,189.73638153076172,0.005249508014756064
ours_v3_corner_12k,7,4,10,37.373713684082034,0.6559102271439509,22.763319969177246,0.8192137115294136,189.7371383666992,0.004773823543381262
ours_v3_corner_12k,7,5,10,36.89505462646484,0.6379867106925917,22.971002769470214,0.7993423049704373,189.73546905517577,0.00469096001441134
ours_v3_corner_12k,7,6,10,36.47686614990234,0.6218043245359333,23.605428314208986,0.7468961533395795,189.73655700683594,0.005635581263279071
ours_v3_corner_12k,7,7,10,36.10898628234863,0.6104031126794031,24.449401664733887,0.699620206880061,189.73226928710938,0.0034129719312670746
ours_v3_corner_12k,7,8,10,35.762735748291014,0.6097299228808036,26.307751655578613,0.8062612175228115,189.73849182128907,0.004596841833992091
ours_v3_corner_12k,7,9,10,35.36090354919433,0.6300061206570097,31.112361907958984,1.0593200155586129,189.7337631225586,0.005539282796067725
ours_v3_corner_12k,11,0,10,40.152682876586915,0.7227868328816696,22.257175064086915,0.8546674870537438,189.73788757324218,0.0038756711459384677
ours_v3_corner_12k,11,1,10,39.30027732849121,0.7067679894358391,22.088449478149414,0.8476211880524311,189.73369903564452,0.004128431966477029
ours_v3_corner_12k,11,2,10,38.57462615966797,0.6910831929262562,22.276665687561035,0.8399825008035042,189.736083984375,0.0043482301629709005
ours_v3_corner_12k,11,3,10,37.9324649810791,0.67386394860844,22.416286849975585,0.8303547265562182,189.73638153076172,0.005249508014756064
ours_v3_corner_12k,11,4,10,37.373713684082034,0.6559102271439509,22.763319969177246,0.8192137115294136,189.7371383666992,0.004773823543381262
ours_v3_corner_12k,11,5,10,36.89505462646484,0.6379867106925917,22.971002769470214,0.7993423049704373,189.73546905517577,0.00469096001441134
ours_v3_corner_12k,11,6,10,36.47686614990234,0.6218043245359333,23.605428314208986,0.7468961533395795,189.73655700683594,0.005635581263279071
ours_v3_corner_12k,11,7,10,36.10898628234863,0.6104031126794031,24.449401664733887,0.699620206880061,189.73226928710938,0.0034129719312670746
ours_v3_corner_12k,11,8,10,35.762735748291014,0.6097299228808036,26.307751655578613,0.8062612175228115,189.73849182128907,0.004596841833992091
ours_v3_corner_12k,11,9,10,35.36090354919433,0.6300061206570097,31.112361907958984,1.0593200155586129,189.7337631225586,0.005539282796067725
ours_v4_corner_12k,3,0,10,40.152682876586915,0.7227868328816696,23.286795234680177,0.7951513576751673,189.7354934692383,0.003890428988659042
ours_v4_corner_12k,3,1,10,39.30780448913574,0.7069051833478069,23.184464836120604,0.7674487536782453,189.7365524291992,0.0028842506007060145
ours_v4_corner_12k,3,2,10,38.60731544494629,0.6908721883670258,23.282356452941894,0.7322375048109379,189.7358169555664,0.00563630525158833
ours_v4_corner_12k,3,3,10,37.99621505737305,0.6720629378584083,23.52277202606201,0.7076961642659872,189.7377960205078,0.0032038791861852614
ours_v4_corner_12k,3,4,10,37.484231567382814,0.6514043506132312,23.84645023345947,0.6842947499505928,189.7378707885742,0.00730179995440079
ours_v4_corner_12k,3,5,10,37.06352844238281,0.6322215595739213,24.166035461425782,0.6766534307611289,189.73511962890626,0.003291662814745681
ours_v4_corner_12k,3,6,10,36.726823806762695,0.6173843465187809,24.678153800964356,0.6727678006353591,189.73409729003907,0.006204966638060017
ours_v4_corner_12k,3,7,10,36.456423950195315,0.6091691138509707,25.530370140075682,0.7173597550064544,189.73593444824218,0.005163109760723705
ours_v4_corner_12k,3,8,10,36.226042938232425,0.6161615598033037,27.13560733795166,0.8546242343807533,189.73912658691407,0.004432389057858565
ours_v4_corner_12k,3,9,10,35.93935966491699,0.6522367040822483,31.134286308288573,0.8994914723025594,189.7377166748047,0.005208238461743006
ours_v4_corner_12k,7,0,10,40.152682876586915,0.7227868328816696,23.286795234680177,0.7951513576751673,189.7354934692383,0.003890428988659042
ours_v4_corner_12k,7,1,10,39.30780448913574,0.7069051833478069,23.184464836120604,0.7674487536782453,189.7365524291992,0.0028842506007060145
ours_v4_corner_12k,7,2,10,38.60731544494629,0.6908721883670258,23.282356452941894,0.7322375048109379,189.7358169555664,0.00563630525158833
ours_v4_corner_12k,7,3,10,37.99621505737305,0.6720629378584083,23.52277202606201,0.7076961642659872,189.7377960205078,0.0032038791861852614
ours_v4_corner_12k,7,4,10,37.484231567382814,0.6514043506132312,23.84645023345947,0.6842947499505928,189.7378707885742,0.00730179995440079
ours_v4_corner_12k,7,5,10,37.06352844238281,0.6322215595739213,24.166035461425782,0.6766534307611289,189.73511962890626,0.003291662814745681
ours_v4_corner_12k,7,6,10,36.726823806762695,0.6173843465187809,24.678153800964356,0.6727678006353591,189.73409729003907,0.006204966638060017
ours_v4_corner_12k,7,7,10,36.456423950195315,0.6091691138509707,25.530370140075682,0.7173597550064544,189.73593444824218,0.005163109760723705
ours_v4_corner_12k,7,8,10,36.226042938232425,0.6161615598033037,27.13560733795166,0.8546242343807533,189.73912658691407,0.004432389057858565
ours_v4_corner_12k,7,9,10,35.93935966491699,0.6522367040822483,31.134286308288573,0.8994914723025594,189.7377166748047,0.005208238461743006
ours_v4_corner_12k,11,0,10,40.152682876586915,0.7227868328816696,23.286795234680177,0.7951513576751673,189.7354934692383,0.003890428988659042
ours_v4_corner_12k,11,1,10,39.30780448913574,0.7069051833478069,23.184464836120604,0.7674487536782453,189.7365524291992,0.0028842506007060145
ours_v4_corner_12k,11,2,10,38.60731544494629,0.6908721883670258,23.282356452941894,0.7322375048109379,189.7358169555664,0.00563630525158833
ours_v4_corner_12k,11,3,10,37.99621505737305,0.6720629378584083,23.52277202606201,0.7076961642659872,189.7377960205078,0.0032038791861852614
ours_v4_corner_12k,11,4,10,37.484231567382814,0.6514043506132312,23.84645023345947,0.6842947499505928,189.7378707885742,0.00730179995440079
ours_v4_corner_12k,11,5,10,37.06352844238281,0.6322215595739213,24.166035461425782,0.6766534307611289,189.73511962890626,0.003291662814745681
ours_v4_corner_12k,11,6,10,36.726823806762695,0.6173843465187809,24.678153800964356,0.6727678006353591,189.73409729003907,0.006204966638060017
ours_v4_corner_12k,11,7,10,36.456423950195315,0.6091691138509707,25.530370140075682,0.7173597550064544,189.73593444824218,0.005163109760723705
ours_v4_corner_12k,11,8,10,36.226042938232425,0.6161615598033037,27.13560733795166,0.8546242343807533,189.73912658691407,0.004432389057858565
ours_v4_corner_12k,11,9,10,35.93935966491699,0.6522367040822483,31.134286308288573,0.8994914723025594,189.7377166748047,0.005208238461743006
random_corner_12k,3,0,10,40.152682876586915,0.7227868328816696,21.61564712524414,0.8718522664585543,189.7350051879883,0.005423193665754254
random_corner_12k,3,1,10,39.3974422454834,0.7116385472929599,21.552614402770995,0.8487616142682326,189.73595123291017,0.002814665943838049
random_corner_12k,3,2,10,38.75642852783203,0.6995634810299026,21.65895519256592,0.823976917198733,189.73656005859374,0.002671837929139432
random_corner_12k,3,3,10,38.20300941467285,0.6840149347378699,21.743566703796386,0.8087207936513899,189.7344497680664,0.005345105893254898
random_corner_12k,3,4,10,37.73397941589356,0.6653368114628953,22.055780601501464,0.7926460495762845,189.7363510131836,0.005321067053899137
random_corner_12k,3,5,10,37.34410705566406,0.643837357657131,22.279128074645996,0.7509087323032001,189.7372833251953,0.004351694284837172
random_corner_12k,3,6,10,37.03055648803711,0.6206897123705338,22.808054733276368,0.6957207403256732,189.73563537597656,0.0035961065133427897
random_corner_12k,3,7,10,36.79043312072754,0.5972834295665167,23.463283157348634,0.6327323333803085,189.73374633789064,0.005440030298481742
random_corner_12k,3,8,10,36.58928108215332,0.5781779806552237,24.669109725952147,0.6700396812135925,189.73558807373047,0.0043938596530169165
random_corner_12k,3,9,10,36.37355766296387,0.5672271733524661,27.630116844177245,0.8657835669100805,189.7389389038086,0.007584162947738001
random_corner_12k,7,0,10,40.152682876586915,0.7227868328816696,21.61564712524414,0.8718522664585543,189.7350051879883,0.005423193665754254
random_corner_12k,7,1,10,39.3974422454834,0.7116385472929599,21.552614402770995,0.8487616142682326,189.73595123291017,0.002814665943838049
random_corner_12k,7,2,10,38.75642852783203,0.6995634810299026,21.65895519256592,0.823976917198733,189.73656005859374,0.002671837929139432
random_corner_12k,7,3,10,38.20300941467285,0.6840149347378699,21.743566703796386,0.8087207936513899,189.7344497680664,0.005345105893254898
random_corner_12k,7,4,10,37.73397941589356,0.6653368114628953,22.055780601501464,0.7926460495762845,189.7363510131836,0.005321067053899137
random_corner_12k,7,5,10,37.34410705566406,0.643837357657131,22.279128074645996,0.7509087323032001,189.7372833251953,0.004351694284837172
random_corner_12k,7,6,10,37.03055648803711,0.6206897123705338,22.808054733276368,0.6957207403256732,189.73563537597656,0.0035961065133427897
random_corner_12k,7,7,10,36.79043312072754,0.5972834295665167,23.463283157348634,0.6327323333803085,189.73374633789064,0.005440030298481742
random_corner_12k,7,8,10,36.58928108215332,0.5781779806552237,24.669109725952147,0.6700396812135925,189.73558807373047,0.0043938596530169165
random_corner_12k,7,9,10,36.37355766296387,0.5672271733524661,27.630116844177245,0.8657835669100805,189.7389389038086,0.007584162947738001
random_corner_12k,11,0,10,40.152682876586915,0.7227868328816696,21.61564712524414,0.8718522664585543,189.7350051879883,0.005423193665754254
random_corner_12k,11,1,10,39.3974422454834,0.7116385472929599,21.552614402770995,0.8487616142682326,189.73595123291017,0.002814665943838049
random_corner_12k,11,2,10,38.75642852783203,0.6995634810299026,21.65895519256592,0.823976917198733,189.73656005859374,0.002671837929139432
random_corner_12k,11,3,10,38.20300941467285,0.6840149347378699,21.743566703796386,0.8087207936513899,189.7344497680664,0.005345105893254898
random_corner_12k,11,4,10,37.73397941589356,0.6653368114628953,22.055780601501464,0.7926460495762845,189.7363510131836,0.005321067053899137
random_corner_12k,11,5,10,37.34410705566406,0.643837357657131,22.279128074645996,0.7509087323032001,189.7372833251953,0.004351694284837172
random_corner_12k,11,6,10,37.03055648803711,0.6206897123705338,22.808054733276368,0.6957207403256732,189.73563537597656,0.0035961065133427897
random_corner_12k,11,7,10,36.79043312072754,0.5972834295665167,23.463283157348634,0.6327323333803085,189.73374633789064,0.005440030298481742
random_corner_12k,11,8,10,36.58928108215332,0.5781779806552237,24.669109725952147,0.6700396812135925,189.73558807373047,0.0043938596530169165
random_corner_12k,11,9,10,36.37355766296387,0.5672271733524661,27.630116844177245,0.8657835669100805,189.7389389038086,0.007584162947738001
uniform_corner_12k,3,0,10,40.152682876586915,0.7227868328816696,21.178638076782228,0.7612804240575035,189.73663940429688,0.0031409704886614957
uniform_corner_12k,3,1,10,39.38941497802735,0.7087807611610754,21.121998977661132,0.7474740884436427,189.73604278564454,0.0029107598984381773
uniform_corner_12k,3,2,10,38.74204940795899,0.6962013374028252,21.224829483032227,0.7469686039603677,189.73613586425782,0.0042138255925076055
uniform_corner_12k,3,3,10,38.167057037353516,0.6833237964114148,21.38188304901123,0.7377940219773499,189.7341110229492,0.00354051948444429
uniform_corner_12k,3,4,10,37.66175804138184,0.6702234283515818,21.589580917358397,0.7146921220297376,189.73857574462892,0.002343553793164895
uniform_corner_12k,3,5,10,37.23854103088379,0.6564216492960918,21.88627071380615,0.691402271222477,189.73782348632812,0.003546793840126758
uniform_corner_12k,3,6,10,36.88632659912109,0.6414584896231845,22.446049690246582,0.651171481030012,189.7359588623047,0.003379963340119606
uniform_corner_12k,3,7,10,36.597019577026366,0.625586264703571,23.162772369384765,0.6053459031890848,189.73516693115235,0.005649167445346418
uniform_corner_12k,3,8,10,36.341630172729495,0.6104476733926215,24.52085437774658,0.5737683086098023,189.73665771484374,0.0041640684600128975
uniform_corner_12k,3,9,10,36.059098434448245,0.5995819200523299,27.319591903686522,0.6069428946423716,189.73375549316407,0.00652469174668171
uniform_corner_12k,7,0,10,40.152682876586915,0.7227868328816696,21.178638076782228,0.7612804240575035,189.73663940429688,0.0031409704886614957
uniform_corner_12k,7,1,10,39.38941497802735,0.7087807611610754,21.121998977661132,0.7474740884436427,189.73604278564454,0.0029107598984381773
uniform_corner_12k,7,2,10,38.74204940795899,0.6962013374028252,21.224829483032227,0.7469686039603677,189.73613586425782,0.0042138255925076055
uniform_corner_12k,7,3,10,38.167057037353516,0.6833237964114148,21.38188304901123,0.7377940219773499,189.7341110229492,0.00354051948444429
uniform_corner_12k,7,4,10,37.66175804138184,0.6702234283515818,21.589580917358397,0.7146921220297376,189.73857574462892,0.002343553793164895
uniform_corner_12k,7,5,10,37.23854103088379,0.6564216492960918,21.88627071380615,0.691402271222477,189.73782348632812,0.003546793840126758
uniform_corner_12k,7,6,10,36.88632659912109,0.6414584896231845,22.446049690246582,0.651171481030012,189.7359588623047,0.003379963340119606
uniform_corner_12k,7,7,10,36.597019577026366,0.625586264703571,23.162772369384765,0.6053459031890848,189.73516693115235,0.005649167445346418
uniform_corner_12k,7,8,10,36.341630172729495,0.6104476733926215,24.52085437774658,0.5737683086098023,189.73665771484374,0.0041640684600128975
uniform_corner_12k,7,9,10,36.059098434448245,0.5995819200523299,27.319591903686522,0.6069428946423716,189.73375549316407,0.00652469174668171
uniform_corner_12k,11,0,10,40.152682876586915,0.7227868328816696,21.178638076782228,0.7612804240575035,189.73663940429688,0.0031409704886614957
uniform_corner_12k,11,1,10,39.38941497802735,0.7087807611610754,21.121998977661132,0.7474740884436427,189.73604278564454,0.0029107598984381773
uniform_corner_12k,11,2,10,38.74204940795899,0.6962013374028252,21.224829483032227,0.7469686039603677,189.73613586425782,0.0042138255925076055
uniform_corner_12k,11,3,10,38.167057037353516,0.6833237964114148,21.38188304901123,0.7377940219773499,189.7341110229492,0.00354051948444429
uniform_corner_12k,11,4,10,37.66175804138184,0.6702234283515818,21.589580917358397,0.7146921220297376,189.73857574462892,0.002343553793164895
uniform_corner_12k,11,5,10,37.23854103088379,0.6564216492960918,21.88627071380615,0.691402271222477,189.73782348632812,0.003546793840126758
uniform_corner_12k,11,6,10,36.88632659912109,0.6414584896231845,22.446049690246582,0.651171481030012,189.7359588623047,0.003379963340119606
uniform_corner_12k,11,7,10,36.597019577026366,0.625586264703571,23.162772369384765,0.6053459031890848,189.73516693115235,0.005649167445346418
uniform_corner_12k,11,8,10,36.341630172729495,0.6104476733926215,24.52085437774658,0.5737683086098023,189.73665771484374,0.0041640684600128975
uniform_corner_12k,11,9,10,36.059098434448245,0.5995819200523299,27.319591903686522,0.6069428946423716,189.73375549316407,0.00652469174668171
zero_corner_12k,3,0,10,40.152682876586915,0.7227868328816696,22.21663017272949,0.5525791157299859,189.73731079101563,0.004230011549853841
zero_corner_12k,3,1,10,39.30929946899414,0.7008606197034036,22.08017177581787,0.5355577276641751,189.73592071533204,0.002506188634141376
zero_corner_12k,3,2,10,38.58956031799316,0.6805056788353899,22.1585412979126,0.524067716603987,189.73706512451173,0.0034119215331098692
zero_corner_12k,3,3,10,37.95130462646485,0.6598951103387204,22.41871109008789,0.5226563777805042,189.73776092529297,0.003148575974370179
zero_corner_12k,3,4,10,37.39079132080078,0.6388240931092586,22.69686336517334,0.5099581647012869,189.73656005859374,0.0034776972943852532
zero_corner_12k,3,5,10,36.910230255126955,0.6181809079348047,23.043957138061522,0.5321517556322164,189.736376953125,0.004590856156394874
zero_corner_12k,3,6,10,36.50132446289062,0.6007694852015039,23.60246868133545,0.5618669404985498,189.73657684326173,0.005956039385221619
zero_corner_12k,3,7,10,36.15247230529785,0.5876481019939258,24.345212936401367,0.6463372062917649,189.73412628173827,0.004930355593891409
zero_corner_12k,3,8,10,35.81162223815918,0.5827824538485239,25.784683609008788,0.8314025282833526,189.73666687011718,0.004726013277789887
zero_corner_12k,3,9,10,35.39452934265137,0.5903431802557675,29.909696197509767,1.135176515998775,189.73470458984374,0.0068864428053264275
zero_corner_12k,7,0,10,40.152682876586915,0.7227868328816696,22.21663017272949,0.5525791157299859,189.73731079101563,0.004230011549853841
zero_corner_12k,7,1,10,39.30929946899414,0.7008606197034036,22.08017177581787,0.5355577276641751,189.73592071533204,0.002506188634141376
zero_corner_12k,7,2,10,38.58956031799316,0.6805056788353899,22.1585412979126,0.524067716603987,189.73706512451173,0.0034119215331098692
zero_corner_12k,7,3,10,37.95130462646485,0.6598951103387204,22.41871109008789,0.5226563777805042,189.73776092529297,0.003148575974370179
zero_corner_12k,7,4,10,37.39079132080078,0.6388240931092586,22.69686336517334,0.5099581647012869,189.73656005859374,0.0034776972943852532
zero_corner_12k,7,5,10,36.910230255126955,0.6181809079348047,23.043957138061522,0.5321517556322164,189.736376953125,0.004590856156394874
zero_corner_12k,7,6,10,36.50132446289062,0.6007694852015039,23.60246868133545,0.5618669404985498,189.73657684326173,0.005956039385221619
zero_corner_12k,7,7,10,36.15247230529785,0.5876481019939258,24.345212936401367,0.6463372062917649,189.73412628173827,0.004930355593891409
zero_corner_12k,7,8,10,35.81162223815918,0.5827824538485239,25.784683609008788,0.8314025282833526,189.73666687011718,0.004726013277789887
zero_corner_12k,7,9,10,35.39452934265137,0.5903431802557675,29.909696197509767,1.135176515998775,189.73470458984374,0.0068864428053264275
zero_corner_12k,11,0,10,40.152682876586915,0.7227868328816696,22.21663017272949,0.5525791157299859,189.73731079101563,0.004230011549853841
zero_corner_12k,11,1,10,39.30929946899414,0.7008606197034036,22.08017177581787,0.5355577276641751,189.73592071533204,0.002506188634141376
zero_corner_12k,11,2,10,38.58956031799316,0.6805056788353899,22.1585412979126,0.524067716603987,189.73706512451173,0.0034119215331098692
zero_corner_12k,11,3,10,37.95130462646485,0.6598951103387204,22.41871109008789,0.5226563777805042,189.73776092529297,0.003148575974370179
zero_corner_12k,11,4,10,37.39079132080078,0.6388240931092586,22.69686336517334,0.5099581647012869,189.73656005859374,0.0034776972943852532
zero_corner_12k,11,5,10,36.910230255126955,0.6181809079348047,23.043957138061522,0.5321517556322164,189.736376953125,0.004590856156394874
zero_corner_12k,11,6,10,36.50132446289062,0.6007694852015039,23.60246868133545,0.5618669404985498,189.73657684326173,0.005956039385221619
zero_corner_12k,11,7,10,36.15247230529785,0.5876481019939258,24.345212936401367,0.6463372062917649,189.73412628173827,0.004930355593891409
zero_corner_12k,11,8,10,35.81162223815918,0.5827824538485239,25.784683609008788,0.8314025282833526,189.73666687011718,0.004726013277789887
zero_corner_12k,11,9,10,35.39452934265137,0.5903431802557675,29.909696197509767,1.135176515998775,189.73470458984374,0.0068864428053264275
