model_a,model_b,denoise_index,count,v_t_l2_mean,v_t_l2_std,v_t_cosine_mean,v_t_cosine_std,x_t_l2_mean,x_t_l2_std,hidden_cosine_mean,hidden_cosine_std
ours_v1_corner_12k,ours_v2_corner_12k,0,10,5.390871286392212,0.3182729904789752,0.969873559474945,0.00325667125886255,0.0,0.0,0.9690833628177643,0.0014772507353843635
ours_v1_corner_12k,ours_v2_corner_12k,1,10,5.394353914260864,0.33843025503360646,0.9694651424884796,0.003677181058669565,0.5390871196985245,0.031827274002662435,0.9676096677780152,0.0016978025945724726
ours_v1_corner_12k,ours_v2_corner_12k,2,10,5.5338317394256595,0.35833649408084983,0.968240475654602,0.004031743771000634,1.074912416934967,0.0652309996241192,0.9658963918685913,0.0019275866918185844
ours_v1_corner_12k,ours_v2_corner_12k,3,10,5.642163038253784,0.38818636332138184,0.9668964564800262,0.004414427310915724,1.6210794687271117,0.10025872452855426,0.9638880789279938,0.0022147100292501986
ours_v1_corner_12k,ours_v2_corner_12k,4,10,5.783005046844482,0.4514289628356689,0.9655714750289917,0.005212498498238358,2.1733166456222532,0.13751883604738246,0.9608702957630157,0.0026408496083224955
ours_v1_corner_12k,ours_v2_corner_12k,5,10,6.037034702301026,0.5495964176244575,0.9636213719844818,0.006207837513656241,2.7328540802001955,0.17944535499674627,0.9574113249778747,0.0029887161288779467
ours_v1_corner_12k,ours_v2_corner_12k,6,10,6.525873041152954,0.7116720442329157,0.9587914824485779,0.0083240439693795,3.3107388496398924,0.23124376181823303,0.952443391084671,0.0036904760003217125
ours_v1_corner_12k,ours_v2_corner_12k,7,10,7.473668766021729,1.0473937168318828,0.9480492234230041,0.013217749140763336,3.91641845703125,0.29980964576256197,0.9453347086906433,0.005231919374832804
ours_v1_corner_12k,ours_v2_corner_12k,8,10,8.75455379486084,1.4739102514802336,0.9346042275428772,0.01953913128555332,4.577863502502441,0.3989030544542399,0.934770381450653,0.008089697313097074
ours_v1_corner_12k,ours_v2_corner_12k,9,10,10.518893718719482,1.6088752599905878,0.9216379940509796,0.021018742233308366,5.294120121002197,0.541090591300319,0.9198770582675934,0.012627204584216237
ours_v1_corner_12k,ours_v3_corner_12k,0,10,9.131959867477416,1.3760571967153654,0.9126168429851532,0.02811533869617764,0.0,0.0,0.9351768553256988,0.009823125544105221
ours_v1_corner_12k,ours_v3_corner_12k,1,10,9.372283363342286,1.4122925995173892,0.9068080186843872,0.02964594166476763,0.9131960153579712,0.13760573367749795,0.932729035615921,0.010424518842799787
ours_v1_corner_12k,ours_v3_corner_12k,2,10,9.739109563827515,1.450017503497419,0.9010731160640717,0.03100480225237058,1.8476429224014281,0.27883532975909675,0.9287303388118744,0.011178861231751339
ours_v1_corner_12k,ours_v3_corner_12k,3,10,10.10522165298462,1.5021737200636294,0.8945171356201171,0.03261255563055525,2.8165186166763307,0.4238888984925705,0.9241171658039093,0.01217321710610929
ours_v1_corner_12k,ours_v3_corner_12k,4,10,10.53134651184082,1.599268592862113,0.8880602061748505,0.03496251492346802,3.819489669799805,0.5739820273557379,0.9181744992733002,0.013513819868602759
ours_v1_corner_12k,ours_v3_corner_12k,5,10,11.170881748199463,1.6477599167237038,0.8773397326469421,0.03641139928509628,4.8566539764404295,0.7338664294650712,0.9095756769180298,0.014911201253101478
ours_v1_corner_12k,ours_v3_corner_12k,6,10,12.003803730010986,1.7185561641755047,0.8651083946228028,0.038013468064168374,5.948074388504028,0.900064043997134,0.8977505981922149,0.016857692642150722
ours_v1_corner_12k,ours_v3_corner_12k,7,10,12.781291961669922,1.7961676506067143,0.8562354862689971,0.03866203749208587,7.098109102249145,1.0761835353544733,0.8824847042560577,0.01944911157449764
ours_v1_corner_12k,ours_v3_corner_12k,8,10,14.352321529388428,1.7569256628118888,0.8415809750556946,0.03564420755504814,8.288306856155396,1.266079231655257,0.8609359920024872,0.02265366705175936
ours_v1_corner_12k,ours_v3_corner_12k,9,10,16.976075839996337,1.7487357965456718,0.8377847254276276,0.02762939757225857,9.55216851234436,1.4571497935298445,0.8366911888122559,0.02744586538557553
ours_v1_corner_12k,ours_v4_corner_12k,0,10,10.035570096969604,1.293159405945727,0.9015376627445221,0.026544031025554957,0.0,0.0,0.9287441968917847,0.009722033834211954
ours_v1_corner_12k,ours_v4_corner_12k,1,10,10.31637716293335,1.3114887097568275,0.8949332892894745,0.02785471197220351,1.0035570800304412,0.12931596591178968,0.9242881894111633,0.010454050454587754
ours_v1_corner_12k,ours_v4_corner_12k,2,10,10.516487979888916,1.3677796216161748,0.8917777180671692,0.02920418271059447,2.032520020008087,0.26056631470419983,0.9199064135551452,0.011284748866735578
ours_v1_corner_12k,ours_v4_corner_12k,3,10,10.732062196731567,1.4303738154950212,0.8890725493431091,0.030137473911313092,3.0790170192718507,0.3973700999447481,0.9138815701007843,0.012358555470729954
ours_v1_corner_12k,ours_v4_corner_12k,4,10,11.006651687622071,1.500059150817763,0.886070841550827,0.03133081297935786,4.144359159469604,0.5401672340374236,0.9073291063308716,0.013865730608716147
ours_v1_corner_12k,ours_v4_corner_12k,5,10,11.481551170349121,1.5691460619984932,0.8794612169265748,0.03243009827297143,5.230238699913025,0.690007445661926,0.8988639712333679,0.015590273131434945
ours_v1_corner_12k,ours_v4_corner_12k,6,10,11.982384967803956,1.613872959559436,0.8741202235221863,0.032279832417907744,6.354124069213867,0.8470894575002227,0.8882020115852356,0.017667565722303803
ours_v1_corner_12k,ours_v4_corner_12k,7,10,12.729688835144042,1.7078009782385628,0.8667682051658631,0.03237749168935366,7.501545858383179,1.0115134716137606,0.873289966583252,0.02064861489073712
ours_v1_corner_12k,ours_v4_corner_12k,8,10,14.273338413238525,1.7749415652544807,0.851149958372116,0.031051867582601898,8.680713558197022,1.190022878949009,0.8532613933086395,0.024247460535388995
ours_v1_corner_12k,ours_v4_corner_12k,9,10,16.85925817489624,1.4613125300632008,0.8408053636550903,0.02107170759039055,9.920508432388306,1.3858040109610297,0.826187151670456,0.029119280249462563
ours_v1_corner_12k,random_corner_12k,0,10,9.127348852157592,0.9554709631664846,0.9115474164485932,0.02046671546643772,0.0,0.0,0.9372646987438202,0.007709450717011636
ours_v1_corner_12k,random_corner_12k,1,10,9.348521661758422,1.013967194006744,0.9063611149787902,0.022308795786903982,0.9127349019050598,0.09554704628634318,0.9330261647701263,0.008476565406425114
ours_v1_corner_12k,random_corner_12k,2,10,9.578818798065186,1.0606299550693135,0.902890944480896,0.023479896438387087,1.8447457671165466,0.19693993285803707,0.9285022795200348,0.009185296996128915
ours_v1_corner_12k,random_corner_12k,3,10,9.758674335479736,1.1094953595722996,0.8997059285640716,0.024886773942878828,2.7984151601791383,0.30289937104922426,0.923071163892746,0.010199263798151208
ours_v1_corner_12k,random_corner_12k,4,10,9.995207786560059,1.1774278881849536,0.8967767775058746,0.026564205425341384,3.766046071052551,0.41376298890697766,0.9161765515804291,0.011468342806744228
ours_v1_corner_12k,random_corner_12k,5,10,10.390043258666992,1.2215528176045862,0.8915058374404907,0.02736367816133992,4.749240159988403,0.5316255726178961,0.9070396602153779,0.012795996074571691
ours_v1_corner_12k,random_corner_12k,6,10,10.961895370483399,1.2191054147660383,0.884299236536026,0.02725894387702044,5.763082885742188,0.6557034717475815,0.8942697465419769,0.014468105721551975
ours_v1_corner_12k,random_corner_12k,7,10,11.645805263519287,1.2014984377182996,0.876025938987732,0.02605234639794994,6.80902214050293,0.7838580862812918,0.8772999167442321,0.01648224418946269
ours_v1_corner_12k,random_corner_12k,8,10,12.943227195739746,1.2514653698279725,0.8612453043460846,0.024849938988983234,7.889248275756836,0.9167977853603212,0.85231693983078,0.02012893678565941
ours_v1_corner_12k,random_corner_12k,9,10,14.621277046203613,1.4291224264092954,0.8558577358722687,0.023300768012241575,9.027493667602538,1.0586345694847992,0.8172695994377136,0.026900587496510954
ours_v1_corner_12k,uniform_corner_12k,0,10,9.721190404891967,1.0469319206426384,0.8976728856563568,0.021139106868751284,0.0,0.0,0.9322189927101135,0.007674514186287135
ours_v1_corner_12k,uniform_corner_12k,1,10,10.005390071868897,1.079315947584199,0.8906430780887604,0.022732879636859594,0.9721189916133881,0.10469318310999526,0.9276964902877808,0.008489917307955666
ours_v1_corner_12k,uniform_corner_12k,2,10,10.287750291824342,1.135252540830672,0.8858076512813569,0.02425834036324877,1.9702043771743774,0.21262523768779443,0.9228150308132171,0.00936142492914843
ours_v1_corner_12k,uniform_corner_12k,3,10,10.624036598205567,1.145355124185192,0.8792734205722809,0.025300130113532666,2.9949827909469606,0.3261538132412213,0.9161851823329925,0.010401413187524617
ours_v1_corner_12k,uniform_corner_12k,4,10,10.943660783767701,1.203065332236385,0.8738369703292846,0.02704641251874423,4.049312686920166,0.44022095235860265,0.9091991662979126,0.01156841567915118
ours_v1_corner_12k,uniform_corner_12k,5,10,11.48172607421875,1.2519151440882392,0.8654375851154328,0.02840348423894927,5.131587290763855,0.559735309221144,0.8987552165985108,0.013084644776795941
ours_v1_corner_12k,uniform_corner_12k,6,10,12.147754287719726,1.2761155875102372,0.8557651162147522,0.029182892446803218,6.257445812225342,0.6841199590668867,0.8845986485481262,0.015141350175311959
ours_v1_corner_12k,uniform_corner_12k,7,10,12.853990936279297,1.289957246312884,0.8469448149204254,0.028973038891532816,7.43023452758789,0.8122245924155036,0.8669535875320434,0.01776382021532031
ours_v1_corner_12k,uniform_corner_12k,8,10,13.997589492797852,1.336095118513187,0.8365126609802246,0.027874790057571985,8.641481256484985,0.9433247433478352,0.8412430286407471,0.021855991264555768
ours_v1_corner_12k,uniform_corner_12k,9,10,15.424356269836426,1.4301008554271633,0.8372063279151917,0.02562219541020226,9.889469718933105,1.082329500215755,0.8063648641109467,0.02894694585741197
ours_v1_corner_12k,zero_corner_12k,0,10,8.478356790542602,0.920303807784124,0.9256161510944366,0.01693588395486793,0.0,0.0,0.9364655137062072,0.009176053514897215
ours_v1_corner_12k,zero_corner_12k,1,10,8.70833716392517,0.9953230962713595,0.920574688911438,0.01870696178567154,0.8478356838226319,0.09203042516889295,0.933070033788681,0.01001847736501814
ours_v1_corner_12k,zero_corner_12k,2,10,8.94503927230835,1.0415825279960937,0.9170743346214294,0.019838926290343235,1.7156955242156982,0.19152175055604584,0.9286831319332123,0.010824468745279007
ours_v1_corner_12k,zero_corner_12k,3,10,9.186952590942383,1.1275803378694762,0.9137596666812897,0.02128068600030069,2.605871486663818,0.2957583520352064,0.9239706456661224,0.01167058660741233
ours_v1_corner_12k,zero_corner_12k,4,10,9.523421573638917,1.1998405969092418,0.9091794312000274,0.022678865147797978,3.515793538093567,0.40910813188300826,0.9170459628105163,0.012825225915049638
ours_v1_corner_12k,zero_corner_12k,5,10,10.174797916412354,1.251936360886614,0.8997349202632904,0.02397079225887516,4.456402373313904,0.5293582183435255,0.9080211281776428,0.014259153129351117
ours_v1_corner_12k,zero_corner_12k,6,10,10.969467926025391,1.3432770814748178,0.8885094165802002,0.02576874813146024,5.453936004638672,0.6555970527032214,0.8956543147563935,0.01611574826035299
ours_v1_corner_12k,zero_corner_12k,7,10,11.603373813629151,1.4038946111540853,0.8820859909057617,0.026202283332701675,6.512217712402344,0.7924295630641682,0.8816086113452911,0.0182676646928837
ours_v1_corner_12k,zero_corner_12k,8,10,12.775298976898194,1.5757701062769303,0.8717015087604523,0.027235857339184946,7.608129024505615,0.9323364735507501,0.8614175140857696,0.021727750587591348
ours_v1_corner_12k,zero_corner_12k,9,10,14.752113437652588,1.7714973534761034,0.8698480725288391,0.024405579950503974,8.751991462707519,1.0761712728237305,0.8387625277042389,0.02610843335881775
ours_v2_corner_12k,ours_v3_corner_12k,0,10,8.135496711730957,0.7565793899552633,0.9302808165550231,0.016803081597198597,0.0,0.0,0.939116609096527,0.007345917429179074
ours_v2_corner_12k,ours_v3_corner_12k,1,10,8.21781792640686,0.7724982668340769,0.9277405142784119,0.01722344153875707,0.8135496854782105,0.07565793334476788,0.9371797859668731,0.00748918571964034
ours_v2_corner_12k,ours_v3_corner_12k,2,10,8.498029708862305,0.8064031994198501,0.9239336609840393,0.01790130231946265,1.6325435280799865,0.152741963581074,0.9339687764644623,0.007822588306107311
ours_v2_corner_12k,ours_v3_corner_12k,3,10,8.717028665542603,0.8478081726867923,0.9209172427654266,0.018496105361092485,2.4759690284729006,0.23307172557359634,0.9296499013900756,0.008318254849492583
ours_v2_corner_12k,ours_v3_corner_12k,4,10,9.210667037963868,0.9287220389090285,0.914065819978714,0.020516735455871335,3.3397027492523192,0.3166418024125775,0.9246228456497192,0.008990848281872429
ours_v2_corner_12k,ours_v3_corner_12k,5,10,9.615353870391846,1.0029999536989676,0.9080750405788421,0.022032187521816828,4.245326662063599,0.40713052470120853,0.9168493509292602,0.009931262807268677
ours_v2_corner_12k,ours_v3_corner_12k,6,10,10.307612228393555,1.0674862937697471,0.8996169149875641,0.02335963505756111,5.177151298522949,0.5048421369657917,0.906271469593048,0.011358814440808211
ours_v2_corner_12k,ours_v3_corner_12k,7,10,11.172272872924804,1.1470433579446966,0.8898132920265198,0.024151283824635342,6.153017616271972,0.6058930709592806,0.8916465163230896,0.01332586677558831
ours_v2_corner_12k,ours_v3_corner_12k,8,10,12.638750648498535,1.1579551263831045,0.877339220046997,0.021480867133856774,7.160703849792481,0.7102680179377764,0.8719952642917633,0.015917020990413946
ours_v2_corner_12k,ours_v3_corner_12k,9,10,15.45593614578247,1.275260728247278,0.8680340886116028,0.016894407320556696,8.22982678413391,0.804807992150935,0.8516489624977112,0.01932458800350747
ours_v2_corner_12k,ours_v4_corner_12k,0,10,9.115704250335693,0.9813605621634961,0.9198359906673431,0.01907072924284754,0.0,0.0,0.933748984336853,0.006363464618048149
ours_v2_corner_12k,ours_v4_corner_12k,1,10,9.234336948394775,0.9892919635945053,0.9166586339473725,0.020028953543969913,0.9115703940391541,0.09813606908711417,0.9305102169513703,0.006783890741843862
ours_v2_corner_12k,ours_v4_corner_12k,2,10,9.34781379699707,1.01176510221959,0.9150195360183716,0.020839643559541376,1.8322506308555604,0.19712334908382162,0.9273803293704986,0.007220910362127636
ours_v2_corner_12k,ours_v4_corner_12k,3,10,9.531458044052124,1.047630020983993,0.9132006824016571,0.02154277694979187,2.7621744155883787,0.2979660660752141,0.9223197817802429,0.00795578978457611
ours_v2_corner_12k,ours_v4_corner_12k,4,10,9.810085725784301,1.1187914376708246,0.9102644324302673,0.022999820446591213,3.706068181991577,0.4021981262343225,0.9170161962509156,0.008946826474634195
ours_v2_corner_12k,ours_v4_corner_12k,5,10,10.190707969665528,1.169540765978246,0.9054168701171875,0.023982838756062018,4.670878148078918,0.5129789599557018,0.9091071009635925,0.010289005836886442
ours_v2_corner_12k,ours_v4_corner_12k,6,10,10.511781692504883,1.227719099153625,0.9034039437770843,0.023935433422165607,5.662711095809937,0.6268600497369764,0.8994809210300445,0.011817572778250513
ours_v2_corner_12k,ours_v4_corner_12k,7,10,11.327538013458252,1.2952275630951797,0.8950529932975769,0.023910278871448223,6.662210607528687,0.7459827922257022,0.88600834608078,0.013729010888972184
ours_v2_corner_12k,ours_v4_corner_12k,8,10,12.838039112091064,1.4312766668326407,0.8803909361362457,0.02374847103450191,7.69410138130188,0.866252641087109,0.8677733898162842,0.01587967283427621
ours_v2_corner_12k,ours_v4_corner_12k,9,10,15.281359958648682,1.477185633298628,0.8713868498802185,0.019945742193637095,8.78321418762207,0.9807635586436463,0.8464249193668365,0.018938724311584863
ours_v2_corner_12k,random_corner_12k,0,10,7.931601667404175,0.7672869659596557,0.9305103659629822,0.01644602466937529,0.0,0.0,0.9468307137489319,0.005346387045818475
ours_v2_corner_12k,random_corner_12k,1,10,7.999636602401734,0.8257148249645512,0.9288044452667237,0.017824108023243558,0.7931601583957673,0.07672875626845747,0.9441644668579101,0.005865296287261087
ours_v2_corner_12k,random_corner_12k,2,10,8.246872854232787,0.8836625657646215,0.9250894129276276,0.0191582984236455,1.590038800239563,0.1594728898986145,0.9408367693424224,0.006378977978766894
ours_v2_corner_12k,random_corner_12k,3,10,8.393073177337646,0.9376659336456042,0.9232143461704254,0.020105766898161428,2.4094743490219117,0.24802805469770942,0.9363284468650818,0.007073183887503325
ours_v2_corner_12k,random_corner_12k,4,10,8.722235107421875,1.0175938804632814,0.9191983819007874,0.02170947873385452,3.239016079902649,0.3422218765968995,0.9306543707847595,0.008026080913368165
ours_v2_corner_12k,random_corner_12k,5,10,8.958370351791382,1.0754379405903234,0.9166752159595489,0.0225392015480935,4.09500138759613,0.44479809313211677,0.9226435422897339,0.009121185216073212
ours_v2_corner_12k,random_corner_12k,6,10,9.398129749298096,1.1052952264957474,0.912467873096466,0.022431272383656907,4.965148401260376,0.5529586071776263,0.9116178989410401,0.010496315143030153
ours_v2_corner_12k,random_corner_12k,7,10,10.104880809783936,1.1582622342934021,0.9046302676200867,0.02259459867854716,5.853018712997437,0.6633892597298295,0.8961890757083892,0.012272185885278706
ours_v2_corner_12k,random_corner_12k,8,10,11.354240894317627,1.2819133421121185,0.8908557713031768,0.022993731341349626,6.767582511901855,0.7735772136639537,0.8735246539115906,0.015444271811474515
ours_v2_corner_12k,random_corner_12k,9,10,13.227189350128175,1.5110616055021606,0.8808038711547852,0.023134412643099615,7.730374050140381,0.8826842579912986,0.8439616203308106,0.020912730216113437
ours_v2_corner_12k,uniform_corner_12k,0,10,8.196578407287598,0.58732240637182,0.9232651650905609,0.013856609415859497,0.0,0.0,0.9391996085643768,0.0057765581389177785
ours_v2_corner_12k,uniform_corner_12k,1,10,8.37650089263916,0.6355015716683281,0.9193781435489654,0.01513021134706958,0.8196578323841095,0.058732217371803085,0.9357725262641907,0.006377417269470603
ours_v2_corner_12k,uniform_corner_12k,2,10,8.688915681838989,0.7046466158696617,0.914349490404129,0.01676727755399408,1.6551498413085937,0.12214724987513921,0.9322345852851868,0.00699443844058163
ours_v2_corner_12k,uniform_corner_12k,3,10,8.841357231140137,0.7656740386568266,0.9128353953361511,0.017689822255296934,2.519799566268921,0.192161142354761,0.9268353939056396,0.00784458574434249
ours_v2_corner_12k,uniform_corner_12k,4,10,9.263667726516724,0.8482494674644514,0.9063172042369843,0.01965392199330024,3.394168972969055,0.26769042479076954,0.9210957109928131,0.008849940561051864
ours_v2_corner_12k,uniform_corner_12k,5,10,9.657197952270508,0.9288453242478297,0.9010971426963806,0.021064124559633465,4.3072668552398685,0.3514036617181188,0.9123718082904816,0.010207863527396189
ours_v2_corner_12k,uniform_corner_12k,6,10,10.153897476196288,0.9575031761615039,0.8960129618644714,0.021312898564304666,5.248118686676025,0.4419819060275192,0.9005039632320404,0.012033233549421126
ours_v2_corner_12k,uniform_corner_12k,7,10,10.856562519073487,1.029964623318926,0.8885251641273498,0.02205527109953074,6.218700504302978,0.5339643485977442,0.8850642263889312,0.014455820389856865
ours_v2_corner_12k,uniform_corner_12k,8,10,11.971974945068359,1.1139157691885526,0.8782042384147644,0.021473001086922416,7.220860195159912,0.6247082890301675,0.8638556122779846,0.01793594604570875
ours_v2_corner_12k,uniform_corner_12k,9,10,13.557597255706787,1.19389037403093,0.8732967019081116,0.019709870538371116,8.24691128730774,0.7085343071816571,0.8365266382694244,0.023056425990119946
ours_v2_corner_12k,zero_corner_12k,0,10,7.895794773101807,0.7921758510552374,0.9339399099349975,0.014567491319956483,0.0,0.0,0.9383561730384826,0.006415770148615845
ours_v2_corner_12k,zero_corner_12k,1,10,7.916686058044434,0.8641856783231298,0.932665079832077,0.015679430258677372,0.7895795345306397,0.07921763521165234,0.9355142176151275,0.0069383861227988045
ours_v2_corner_12k,zero_corner_12k,2,10,8.211079645156861,0.8794716847305781,0.9280763745307923,0.016373504330825045,1.5780871868133546,0.16573725679985005,0.9316715121269226,0.007456537435417911
ours_v2_corner_12k,zero_corner_12k,3,10,8.382353687286377,0.9498902109231596,0.9267113268375397,0.017189019553072178,2.3938605427742004,0.253634932132334,0.9267749488353729,0.008145507766192177
ours_v2_corner_12k,zero_corner_12k,4,10,8.87831254005432,0.9919839701426031,0.9197261691093445,0.01837083329369676,3.222217154502869,0.3487364584408771,0.9200180292129516,0.009138009402321335
ours_v2_corner_12k,zero_corner_12k,5,10,9.297835206985473,1.0292919162198118,0.9146426677703857,0.018904459834233143,4.095867037773132,0.447560862799554,0.9115475177764892,0.010472102701523614
ours_v2_corner_12k,zero_corner_12k,6,10,9.917153072357177,1.1170052072085026,0.9073421776294708,0.02022658575731215,5.001434183120727,0.548758169158447,0.9003967404365539,0.01232779069764506
ours_v2_corner_12k,zero_corner_12k,7,10,10.697047710418701,1.2050805649293355,0.89870325922966,0.02125173287438892,5.948130941390991,0.6579295601329541,0.8866830766201019,0.014725625538681956
ours_v2_corner_12k,zero_corner_12k,8,10,11.802409744262695,1.428357196393343,0.8894921481609345,0.023117313240609012,6.930837106704712,0.7709210315958799,0.8688371360301972,0.018350703516575945
ours_v2_corner_12k,zero_corner_12k,9,10,13.60065336227417,1.6594660653799436,0.8902097702026367,0.02189362739010608,7.948903512954712,0.891154710172188,0.8516265630722046,0.0213607117448806
ours_v3_corner_12k,ours_v4_corner_12k,0,10,5.997701263427734,0.35215022496230974,0.9664273381233215,0.004189780635186321,0.0,0.0,0.9712915539741516,0.0014845965878493236
ours_v3_corner_12k,ours_v4_corner_12k,1,10,6.111782073974609,0.3891856670357876,0.9648119270801544,0.0047686845701620986,0.5997701406478881,0.035215000949608756,0.97031871676445,0.0017569390364687854
ours_v3_corner_12k,ours_v4_corner_12k,2,10,6.1779029846191404,0.3970393216218312,0.9642843544483185,0.005003700897246281,1.2077962160110474,0.07407284064352668,0.9690430998802185,0.001973119395138928
ours_v3_corner_12k,ours_v4_corner_12k,3,10,6.33747706413269,0.43984629440426376,0.9631307184696197,0.005721966421142228,1.8202069401741028,0.11335998949830313,0.9670036911964417,0.0021576272446116288
ours_v3_corner_12k,ours_v4_corner_12k,4,10,6.468426084518432,0.5372377969879396,0.9625109970569611,0.006848859957195807,2.4422666311264036,0.1559757405523955,0.9651360630989074,0.00250867437846234
ours_v3_corner_12k,ours_v4_corner_12k,5,10,6.708008432388306,0.7096180924478026,0.9605224132537842,0.008915835646066904,3.0710055112838743,0.206620167630997,0.9620830893516541,0.0030260794202553775
ours_v3_corner_12k,ours_v4_corner_12k,6,10,6.900474739074707,1.03221123212871,0.9592980325222016,0.012981306774684273,3.7114667892456055,0.27167513994317055,0.9581216096878051,0.004133143197284364
ours_v3_corner_12k,ours_v4_corner_12k,7,10,7.556731653213501,1.4253769183145608,0.9535025596618653,0.01945422959397939,4.343394708633423,0.3624764418170366,0.9515499830245971,0.006219248122795476
ours_v3_corner_12k,ours_v4_corner_12k,8,10,8.633385038375854,1.6629366900863078,0.9462022840976715,0.023006574232362745,4.984532117843628,0.495095725436663,0.9421251952648163,0.009516828891641915
ours_v3_corner_12k,ours_v4_corner_12k,9,10,10.412339019775391,1.9284474303482948,0.9418635308742523,0.024881412585295245,5.651812648773193,0.6603639181617083,0.9295462667942047,0.014518296800340212
ours_v3_corner_12k,random_corner_12k,0,10,6.4811821460723875,0.4214048007385285,0.9566528677940369,0.006338190844891676,0.0,0.0,0.9615491092205047,0.0031406524193802314
ours_v3_corner_12k,random_corner_12k,1,10,6.575362777709961,0.453827130402265,0.9547459721565247,0.006876918716765613,0.6481182396411895,0.04214052017304309,0.960043877363205,0.0033303377854484294
ours_v3_corner_12k,random_corner_12k,2,10,6.735500955581665,0.4521557990407956,0.9532590925693512,0.006888913432579312,1.3023881316184998,0.08764948832110987,0.9577786505222321,0.0034939170060503625
ours_v3_corner_12k,random_corner_12k,3,10,6.904372119903565,0.47212146662788573,0.9514009594917298,0.007529276426613027,1.9702107548713683,0.13283781971248218,0.9549902439117431,0.0037427094806084826
ours_v3_corner_12k,random_corner_12k,4,10,7.146878242492676,0.5026322872572788,0.9494108915328979,0.00849769636096925,2.652602934837341,0.17959403470432986,0.9517169296741486,0.004079284950898121
ours_v3_corner_12k,random_corner_12k,5,10,7.509253883361817,0.6024288546898383,0.9449434399604797,0.010802101193344958,3.349346709251404,0.22680342141655357,0.9470171332359314,0.004716476704042753
ours_v3_corner_12k,random_corner_12k,6,10,8.243330335617065,0.8186003886984854,0.9365902245044708,0.015819080477992603,4.069290399551392,0.2774455959458323,0.9402649402618408,0.005756884170249701
ours_v3_corner_12k,random_corner_12k,7,10,9.154284906387328,1.1433339134613572,0.9262098252773285,0.023068474168853152,4.835005426406861,0.3322873542531875,0.9297310829162597,0.007970122070846557
ours_v3_corner_12k,random_corner_12k,8,10,10.845755195617675,1.3102914284602718,0.9096414506435394,0.02669066731391426,5.640855073928833,0.4103452164706837,0.9127140879631043,0.011720795140042565
ours_v3_corner_12k,random_corner_12k,9,10,13.896470832824708,1.6748519172734309,0.8929407000541687,0.030419561260031685,6.539596080780029,0.5187283836355147,0.8879694104194641,0.01702924174808541
ours_v3_corner_12k,uniform_corner_12k,0,10,7.582704067230225,0.7349411718175919,0.9395978629589081,0.012219067922051248,0.0,0.0,0.9558593213558197,0.005917235541464302
ours_v3_corner_12k,uniform_corner_12k,1,10,7.646268510818482,0.7262070040426692,0.9376588284969329,0.012505255202698866,0.7582704484462738,0.07349414425846368,0.9535196900367737,0.006453800562896822
ours_v3_corner_12k,uniform_corner_12k,2,10,7.832530164718628,0.7562421397726534,0.9355585157871247,0.0132287226961384,1.519946241378784,0.14611137913799876,0.9508418321609498,0.007116543385500891
ours_v3_corner_12k,uniform_corner_12k,3,10,8.019187402725219,0.7584373953439992,0.9332475244998932,0.013665467509546678,2.298316764831543,0.22179964408580374,0.9471158802509307,0.007791577939777995
ours_v3_corner_12k,uniform_corner_12k,4,10,8.409122753143311,0.813466066442165,0.9285236060619354,0.015440897675198673,3.0889175653457643,0.297321880478655,0.9433905482292175,0.00869346510493769
ours_v3_corner_12k,uniform_corner_12k,5,10,8.91046953201294,0.8544751697889549,0.9211060225963592,0.017704919351146625,3.9135721206665037,0.3769648104666726,0.9368431150913239,0.01001828599143221
ours_v3_corner_12k,uniform_corner_12k,6,10,9.477556705474854,0.9731383203303284,0.9150854766368866,0.02139343525505607,4.77261004447937,0.4574530074373924,0.9283637821674346,0.011850847272024017
ours_v3_corner_12k,uniform_corner_12k,7,10,10.391878509521485,1.1531238543960005,0.9043417096138,0.026491392597883877,5.657549142837524,0.5404108272964271,0.9153058588504791,0.014412400946512693
ours_v3_corner_12k,uniform_corner_12k,8,10,11.819069766998291,1.1808389313457373,0.8926940262317657,0.02635930688054956,6.58175802230835,0.629291549606726,0.8962948620319366,0.01731842733220219
ours_v3_corner_12k,uniform_corner_12k,9,10,14.785564708709718,1.4802605743422774,0.878552770614624,0.026812697901985462,7.551744604110718,0.7189015718286424,0.868796992301941,0.020806686992486553
ours_v3_corner_12k,zero_corner_12k,0,10,6.793430137634277,0.44539646804941024,0.9533638954162598,0.005801392373712638,0.0,0.0,0.9590909898281097,0.002947594103087142
ours_v3_corner_12k,zero_corner_12k,1,10,6.960858106613159,0.4668802541518592,0.9504030525684357,0.005831967436757826,0.6793430626392365,0.04453964751100788,0.957879650592804,0.003025228684994867
ours_v3_corner_12k,zero_corner_12k,2,10,7.163254833221435,0.5429991447036115,0.9481115341186523,0.006595308774516798,1.3725703001022338,0.09112346645617643,0.9555941998958588,0.003250633959334343
ours_v3_corner_12k,zero_corner_12k,3,10,7.328053379058838,0.5823708869546839,0.9466788113117218,0.00685892712772218,2.083615005016327,0.14525351789716387,0.9530738532543183,0.0034542364442546243
ours_v3_corner_12k,zero_corner_12k,4,10,7.661758708953857,0.6594891450418305,0.9432673931121827,0.007999345372993112,2.8079354763031006,0.20317554695176104,0.9496208250522613,0.0037979681974922843
ours_v3_corner_12k,zero_corner_12k,5,10,8.115477228164673,0.6924594328416432,0.9378941297531128,0.008736184546891958,3.559653329849243,0.27041683071666844,0.9448494076728821,0.004381108372224314
ours_v3_corner_12k,zero_corner_12k,6,10,8.40590434074402,0.729341595287709,0.9365605175495147,0.009736231490604316,4.347037267684937,0.34414454037095893,0.9387793719768525,0.004955020344759733
ours_v3_corner_12k,zero_corner_12k,7,10,8.906567192077636,0.8760842757884804,0.932989501953125,0.012980047764838933,5.138027763366699,0.4242059006635643,0.9301496565341949,0.005976596653331748
ours_v3_corner_12k,zero_corner_12k,8,10,9.843594169616699,1.2396031107290846,0.927999484539032,0.017879984093952618,5.942647123336792,0.5113225490526245,0.918992817401886,0.007239215246774709
ours_v3_corner_12k,zero_corner_12k,9,10,11.676989555358887,1.3761563899323686,0.9269080340862275,0.016741254444522687,6.767703294754028,0.6310794497393806,0.9080837845802308,0.008557204872332493
ours_v4_corner_12k,random_corner_12k,0,10,7.279933500289917,0.8532739968557821,0.9496220350265503,0.012781817508411848,0.0,0.0,0.9619416475296021,0.003648345511382858
ours_v4_corner_12k,random_corner_12k,1,10,7.32049560546875,0.8838411983716222,0.948495090007782,0.013604787263864151,0.7279933035373688,0.08532735605247997,0.9607091605663299,0.003965147998429752
ours_v4_corner_12k,random_corner_12k,2,10,7.2982391834259035,0.860292111211677,0.949303787946701,0.013290036037722943,1.457291030883789,0.17368746218539124,0.9592304229736328,0.004147059984504889
ours_v4_corner_12k,random_corner_12k,3,10,7.388319492340088,0.8886777345983272,0.9492243587970733,0.013736837446163259,2.1819286942481995,0.2595358832103156,0.9568275094032288,0.00451872227432228
ours_v4_corner_12k,random_corner_12k,4,10,7.45064787864685,0.8688952615152147,0.9498448014259339,0.01341340833457347,2.911863350868225,0.3474709824801464,0.9542756736278534,0.004822871924465243
ours_v4_corner_12k,random_corner_12k,5,10,7.597441720962524,0.9029370978212098,0.9492459297180176,0.013956570425026456,3.640021538734436,0.43211303281198277,0.9503830671310425,0.0053507824992494275
ours_v4_corner_12k,random_corner_12k,6,10,7.8487800598144535,0.9444302755440508,0.947905570268631,0.014357544880155523,4.371814346313476,0.5169514725506319,0.9454557359218597,0.0057652983704472235
ours_v4_corner_12k,random_corner_12k,7,10,8.545516443252563,1.1022074611536337,0.9419887900352478,0.016079538812164014,5.099781703948975,0.5982233453935867,0.9376819968223572,0.006823515497495486
ours_v4_corner_12k,random_corner_12k,8,10,9.890664339065552,1.3142672853038897,0.9307771384716034,0.01803002201139371,5.8476049423217775,0.68595114125445,0.9262090921401978,0.009309234984699193
ours_v4_corner_12k,random_corner_12k,9,10,12.885170459747314,1.4436353093542755,0.9100117623806,0.020282503215232957,6.62388858795166,0.7873323295619629,0.9092678666114807,0.014543195383262222
ours_v4_corner_12k,uniform_corner_12k,0,10,8.611703252792358,1.5120731647496082,0.9274784326553345,0.023155420752642753,0.0,0.0,0.9525384485721589,0.005811010061905862
ours_v4_corner_12k,uniform_corner_12k,1,10,8.644130039215089,1.5125575859205,0.9261668264865875,0.0236184065664199,0.8611703217029572,0.15120731237978188,0.9499676167964936,0.006384220112377371
ours_v4_corner_12k,uniform_corner_12k,2,10,8.764077138900756,1.5176083184876095,0.9246298968791962,0.024057697070989443,1.722907304763794,0.30277545815130585,0.9475430369377136,0.006879950760179683
ours_v4_corner_12k,uniform_corner_12k,3,10,8.889345645904541,1.5220655244407193,0.9240370154380798,0.024115272922803615,2.5946985602378847,0.45489441948689974,0.9441232562065125,0.00750243206947247
ours_v4_corner_12k,uniform_corner_12k,4,10,9.091487693786622,1.517024301733643,0.9227776825428009,0.024016862332804503,3.4733092308044435,0.6070672858880449,0.9406868934631347,0.008042066913212766
ours_v4_corner_12k,uniform_corner_12k,5,10,9.348942136764526,1.4918854002046202,0.9205135941505432,0.023911630007422177,4.367911720275879,0.758392051871617,0.9354507982730865,0.00888870707423178
ours_v4_corner_12k,uniform_corner_12k,6,10,9.554055547714233,1.4776653600318428,0.9204987764358521,0.023169041892378704,5.276665115356446,0.9057316896803932,0.9290647447109223,0.010037322418580828
ours_v4_corner_12k,uniform_corner_12k,7,10,10.275048208236694,1.5143533146550516,0.914023369550705,0.023454338291488047,6.183705615997314,1.0484570711779653,0.9194590806961059,0.011634901402162048
ours_v4_corner_12k,uniform_corner_12k,8,10,11.644714260101319,1.623866090478296,0.9019965410232544,0.024495168735145883,7.113125276565552,1.1846895562324171,0.9060483396053314,0.013966125810075253
ours_v4_corner_12k,uniform_corner_12k,9,10,14.501845359802246,1.8989403099333428,0.8835223197937012,0.027314856442369584,8.071476459503174,1.314364920507718,0.8864197432994843,0.01839477058181131
ours_v4_corner_12k,zero_corner_12k,0,10,8.080398797988892,0.8334082512946099,0.9375348806381225,0.012389299435330252,0.0,0.0,0.9559497117996216,0.0042269977837381375
ours_v4_corner_12k,zero_corner_12k,1,10,8.237263345718384,0.8117971599233603,0.9344890713691711,0.012236615886653063,0.8080398678779602,0.08334080690462511,0.9534708440303803,0.004536881369029175
ours_v4_corner_12k,zero_corner_12k,2,10,8.323381376266479,0.8191440556130531,0.933639657497406,0.012356928189414194,1.6292699217796325,0.1647744896281984,0.9510630428791046,0.0047975645071823576
ours_v4_corner_12k,zero_corner_12k,3,10,8.391175317764283,0.7969752012228769,0.9340172052383423,0.011634277485700239,2.457356882095337,0.2470531007992348,0.9476727843284607,0.005032635007965463
ours_v4_corner_12k,zero_corner_12k,4,10,8.533379745483398,0.7997918560517489,0.9336079061031342,0.011347326356906292,3.2859363079071047,0.3272974263900723,0.9433996379375458,0.005429017691492603
ours_v4_corner_12k,zero_corner_12k,5,10,9.009684848785401,0.7891976944956002,0.9280003786087037,0.011061416371850322,4.125917911529541,0.40697733834662264,0.9373476684093476,0.006045216057190802
ours_v4_corner_12k,zero_corner_12k,6,10,9.393471145629883,0.8380977683461781,0.9250612139701844,0.011251735385514383,5.001390647888184,0.4851919537714276,0.9300920784473419,0.0067549659258998454
ours_v4_corner_12k,zero_corner_12k,7,10,10.117017364501953,0.9339782405266553,0.9186095774173737,0.01242563653096212,5.893714237213135,0.5676268271998873,0.919647479057312,0.007556496702722005
ours_v4_corner_12k,zero_corner_12k,8,10,11.280533981323241,1.07069542520041,0.9102182745933532,0.014467090605173044,6.82691707611084,0.6550764933679873,0.9067226469516754,0.008607213711673991
ours_v4_corner_12k,zero_corner_12k,9,10,13.286583614349365,1.2331969192957604,0.9058301270008087,0.01678886151005287,7.808966445922851,0.7516396045334197,0.8929886400699616,0.010591285664699234
random_corner_12k,uniform_corner_12k,0,10,6.006498241424561,0.3889604767162869,0.9608037769794464,0.0047923644928002515,0.0,0.0,0.9643586993217468,0.002654855326514524
random_corner_12k,uniform_corner_12k,1,10,5.940002727508545,0.3869672574184477,0.9614482343196868,0.004808264983754089,0.6006498336791992,0.03889606740280176,0.962219500541687,0.0028935141193519223
random_corner_12k,uniform_corner_12k,2,10,6.067594242095947,0.38878048887568745,0.9601479530334472,0.0049663414208893615,1.1916545391082765,0.07772150738413201,0.9599887371063233,0.003166453934234122
random_corner_12k,uniform_corner_12k,3,10,5.905306339263916,0.41435856979476904,0.9626126646995544,0.005039211205676969,1.7927832126617431,0.11667572089048735,0.956790667772293,0.0034895864854267247
random_corner_12k,uniform_corner_12k,4,10,6.150448894500732,0.45482685918498283,0.9604488670825958,0.005466128775712413,2.369704246520996,0.15856567624851375,0.9535385608673096,0.003875656012722815
random_corner_12k,uniform_corner_12k,5,10,6.317259120941162,0.4441718565901975,0.9591526687145233,0.005595964754938008,2.9646270513534545,0.20471698467149554,0.9485160768032074,0.004418088731779183
random_corner_12k,uniform_corner_12k,6,10,6.614446926116943,0.4132053725915287,0.9573469460010529,0.005130080815376912,3.56349093914032,0.24946118892295388,0.9420077323913574,0.005168175665636541
random_corner_12k,uniform_corner_12k,7,10,7.115387344360352,0.3023495771098177,0.9535049557685852,0.0037831104120252634,4.160632586479187,0.29062283719089527,0.933404940366745,0.0059706562753415815
random_corner_12k,uniform_corner_12k,8,10,8.162625789642334,0.30955270072454,0.9449319839477539,0.0045861464350457765,4.76622896194458,0.3207153499398811,0.920046615600586,0.006804901937183065
random_corner_12k,uniform_corner_12k,9,10,9.896136569976807,0.5036257554151576,0.934992128610611,0.008285053003879475,5.37030143737793,0.3241463802848917,0.9021913826465606,0.0069364307579252
random_corner_12k,zero_corner_12k,0,10,7.021690416336059,0.6222926660232666,0.9490992367267609,0.00946005643049933,0.0,0.0,0.9535012185573578,0.00310732488470465
random_corner_12k,zero_corner_12k,1,10,7.2767750263214115,0.6726133569127977,0.9446539521217346,0.010445267841243036,0.7021690607070923,0.062229248751281545,0.9507181227207184,0.003443527325144496
random_corner_12k,zero_corner_12k,2,10,7.397784900665283,0.7320007332621938,0.9431793510913848,0.011278877182392458,1.4268099665641785,0.12964761290133145,0.9473391056060791,0.003835583686915192
random_corner_12k,zero_corner_12k,3,10,7.6165258407592775,0.7746609020131429,0.9408695340156555,0.012137653243720953,2.1624022364616393,0.20291528405352297,0.9430166065692902,0.004455930731846523
random_corner_12k,zero_corner_12k,4,10,7.848403787612915,0.8875947837441478,0.9386813640594482,0.013763543937722748,2.914998412132263,0.28043465002156115,0.9372677385807038,0.005229329207540956
random_corner_12k,zero_corner_12k,5,10,8.313979959487915,0.8748171827436823,0.9330923557281494,0.013953462730296977,3.6839929819107056,0.36927874662192334,0.9297753036022186,0.0063503531298296865
random_corner_12k,zero_corner_12k,6,10,8.776407289505006,0.9150911332885059,0.9287880957126617,0.014762793394452401,4.491220021247864,0.45589156105676765,0.9198364317417145,0.0076861316297247035
random_corner_12k,zero_corner_12k,7,10,9.555803775787354,0.9115065714437967,0.9203875482082366,0.015278553901744112,5.322293949127197,0.5454608520780492,0.9067652285099029,0.00960754691309004
random_corner_12k,zero_corner_12k,8,10,10.862247085571289,0.8502693365062755,0.9078206539154052,0.01449663105963303,6.1904308795928955,0.6342370903710471,0.887399035692215,0.01259545929956866
random_corner_12k,zero_corner_12k,9,10,13.827554607391358,1.294319813627532,0.886761051416397,0.020334037863183864,7.097379875183106,0.7102067405890186,0.8616351008415222,0.016738982217428894
uniform_corner_12k,zero_corner_12k,0,10,7.133152008056641,0.4495953242097659,0.9468444287776947,0.0079022540812978,0.0,0.0,0.9517854213714599,0.0037717576621052497
uniform_corner_12k,zero_corner_12k,1,10,7.172089052200318,0.4523772484953507,0.9456133127212525,0.008059034279816104,0.7133152186870575,0.04495953487060479,0.948995953798294,0.00417194978332241
uniform_corner_12k,zero_corner_12k,2,10,7.400257110595703,0.4511925506931932,0.9425040662288666,0.008334126989338745,1.4272891283035278,0.09038313708537614,0.9459338665008545,0.004597179526023272
uniform_corner_12k,zero_corner_12k,3,10,7.700516271591186,0.45446997854121796,0.9390633225440979,0.008612312312944822,2.1620789885520937,0.13587474712223196,0.9414373993873596,0.005030078566053658
uniform_corner_12k,zero_corner_12k,4,10,8.095822954177857,0.4579095487475663,0.9342004001140595,0.00887804762092786,2.9181134700775146,0.18179880866343148,0.9366234242916107,0.005543310294203534
uniform_corner_12k,zero_corner_12k,5,10,8.606254768371581,0.422381527515057,0.9278245270252228,0.008635141321824118,3.712331175804138,0.22753868666744373,0.9293563306331635,0.006278210546732578
uniform_corner_12k,zero_corner_12k,6,10,9.209472465515137,0.4147074973632148,0.9211822926998139,0.008971750705153424,4.544845485687256,0.26872803319806204,0.9197723805904389,0.007087748345299622
uniform_corner_12k,zero_corner_12k,7,10,10.05820255279541,0.4325444257793469,0.91151322722435,0.009631064864816453,5.418524885177613,0.3044582343783051,0.9073814451694489,0.008237522651933785
uniform_corner_12k,zero_corner_12k,8,10,11.446925830841064,0.3530074041589999,0.8976666867733002,0.008483522310549822,6.335050249099732,0.3378064108099106,0.8901980578899383,0.009903679063961814
uniform_corner_12k,zero_corner_12k,9,10,14.107344245910644,0.6833083872202393,0.8821890175342559,0.01141934427960228,7.295796251296997,0.3551859104048455,0.8663945317268371,0.013441770671399976
