episode_id,deminf_score,num_timestep_samples,raw_score_mean,normalized_score_mean,rank
212,0.7413921545644734,243,-6.603668237092237,0.7413921545644734,1
110,0.7336573716766062,231,-6.605223282075031,0.7336573716766062,2
204,0.7029831052049095,239,-6.662952714385348,0.7029831052049095,3
8,0.7012209710166164,251,-6.645478880896195,0.7012209710166164,4
229,0.6833660788140664,225,-6.64017009417216,0.6833660788140664,5
158,0.6713181412069309,254,-6.623148088380108,0.6713181412069309,6
120,0.653281010360005,213,-6.633634809783554,0.653281010360005,7
293,0.6446132092247698,208,-6.661682497232388,0.6446132092247698,8
54,0.6220040344114566,224,-6.706658461264202,0.6220040344114566,9
128,0.6192864340447521,216,-6.708498144591296,0.6192864340447521,10
174,0.6094578084713012,223,-6.714232260158065,0.6094578084713012,11
103,0.606948649054991,251,-6.694531108278677,0.606948649054991,12
71,0.5572878880359176,233,-6.749155960710604,0.5572878880359176,13
118,0.5438740217071562,233,-6.783264282946934,0.5438740217071562,14
140,0.5265309422299866,248,-6.796538174152374,0.5265309422299866,15
197,0.5229794057578383,239,-6.798910156952287,0.5229794057578383,16
65,0.5114395506137834,215,-6.799968794889228,0.5114395506137834,17
75,0.5082464287741764,238,-6.809622765923081,0.5082464287741764,18
148,0.5079759971020033,236,-6.801149957597592,0.5079759971020033,19
82,0.49200197839107757,233,-6.818201139420058,0.49200197839107757,20
134,0.49194877068070986,211,-6.805305009392955,0.49194877068070986,21
281,0.48763794084396384,239,-6.824607563151807,0.48763794084396384,22
37,0.4775560538733947,239,-6.8319382820501815,0.4775560538733947,23
213,0.4752284149013714,219,-6.813628375620965,0.4752284149013714,24
131,0.45304973631766915,239,-6.8497572603584835,0.45304973631766915,25
43,0.4488939776432127,230,-6.852778986225958,0.4488939776432127,26
154,0.4407550204419951,234,-6.858365613171178,0.4407550204419951,27
230,0.42994898441115176,230,-6.861077381216961,0.42994898441115176,28
222,0.42970700797344397,225,-6.841832761764526,0.42970700797344397,29
176,0.41615248755816153,247,-6.8706955681284745,0.41615248755816153,30
259,0.40312359416227994,210,-6.887732242402576,0.40312359416227994,31
268,0.39580697714063473,243,-6.890840811657481,0.39580697714063473,32
28,0.3887571017754974,258,-6.823559489053041,0.3887571017754974,33
116,0.3851692493471388,247,-6.8935585723393045,0.3851692493471388,34
123,0.38040299562919644,230,-6.902579994478088,0.38040299562919644,35
294,0.369961913729435,231,-6.909185876749983,0.369961913729435,36
78,0.3595230263862778,261,-6.918427685972679,0.3595230263862778,37
90,0.35638782679885256,227,-6.921458815688078,0.35638782679885256,38
228,0.3556871744106481,242,-6.920551306616833,0.3556871744106481,39
59,0.3527761694403375,228,-6.923033711505912,0.3527761694403375,40
66,0.34330162368130185,240,-6.92970019446479,0.34330162368130185,41
1,0.3429222811331224,227,-6.914850078840438,0.3429222811331224,42
161,0.3425540764304631,218,-6.928094694009251,0.3425540764304631,43
237,0.34188257191566124,219,-6.931234716824745,0.34188257191566124,44
20,0.3352369955532925,230,-6.893535985462907,0.3352369955532925,45
224,0.3294135692847474,238,-6.939867699513583,0.3294135692847474,46
234,0.32748105384916776,237,-6.941060477335912,0.32748105384916776,47
86,0.32402199371751633,229,-6.943409542850011,0.32402199371751633,48
61,0.32369610744194693,217,-6.941208607956377,0.32369610744194693,49
203,0.32160140004822463,229,-6.9407972775866025,0.32160140004822463,50
97,0.31597662932020687,217,-6.940389943745463,0.31597662932020687,51
209,0.31075917489748706,245,-6.953219252216573,0.31075917489748706,52
81,0.3017636118635864,223,-6.959760085706041,0.3017636118635864,53
156,0.30148180225179466,215,-6.954789488075315,0.30148180225179466,54
275,0.29830781012789753,212,-6.962362881726439,0.29830781012789753,55
181,0.28382574006932576,228,-6.973094243752329,0.28382574006932576,56
236,0.27540722413479723,216,-6.977157160823729,0.27540722413479723,57
24,0.26846592631794663,232,-6.984545852261029,0.26846592631794663,58
235,0.2578937990542954,249,-6.990655378165494,0.2578937990542954,59
227,0.25747707488219923,242,-6.991961612517511,0.25747707488219923,60
77,0.24703115711615858,224,-6.999557024666241,0.24703115711615858,61
276,0.24177037015827493,226,-7.00338223620502,0.24177037015827493,62
142,0.24061949913913536,232,-7.004305808708586,0.24061949913913536,63
288,0.2384161576027098,255,-7.006473643483679,0.2384161576027098,64
184,0.23421380539142828,218,-7.0104459024715124,0.23421380539142828,65
88,0.2298519433922444,257,-7.0119884697534385,0.2298519433922444,66
252,0.22846646517632924,210,-7.027356678342062,0.22846646517632924,67
13,0.22699890601186504,218,-6.998303803464324,0.22699890601186504,68
11,0.224537779014169,244,-7.003486802994879,0.224537779014169,69
190,0.22347949038596676,220,-7.018237928188208,0.22347949038596676,70
297,0.22175189660800768,259,-7.0182413263210455,0.22175189660800768,71
193,0.21889666847627576,242,-7.021160892875399,0.21889666847627576,72
133,0.21856424717609563,241,-7.024981552799378,0.21856424717609563,73
56,0.21847594519776958,218,-7.020537124861271,0.21847594519776958,74
113,0.21562922310241417,240,-7.022647039095561,0.21562922310241417,75
267,0.21457381886136342,221,-7.023157331199128,0.21457381886136342,76
283,0.21182670310835727,231,-7.025507859509401,0.21182670310835727,77
218,0.2087639326383808,234,-7.027381802556182,0.2087639326383808,78
166,0.19732447645485374,219,-7.03988750884522,0.19732447645485374,79
89,0.19559477118549579,246,-7.0387458949877315,0.19559477118549579,80
155,0.1940619389288148,238,-7.038271401776654,0.1940619389288148,81
172,0.19114250003033145,235,-7.040194658861092,0.19114250003033145,82
72,0.18975030451402805,245,-7.04476594211293,0.18975030451402805,83
248,0.18671346654943405,234,-7.044342293698564,0.18671346654943405,84
73,0.1865486998805848,222,-7.043534892457383,0.1865486998805848,85
208,0.18485375391003397,244,-7.046254049233401,0.18485375391003397,86
273,0.1763988033075624,239,-7.050915062344391,0.1763988033075624,87
35,0.1725240813240684,237,-7.053732441447456,0.1725240813240684,88
58,0.1698003376088273,238,-7.059883253914969,0.1698003376088273,89
102,0.16864964450232878,243,-7.056549613204349,0.16864964450232878,90
162,0.15842393866099172,243,-7.0643957096199275,0.15842393866099172,91
92,0.15785518380648048,236,-7.06439845710151,0.15785518380648048,92
79,0.15641834364458002,246,-7.066552030361764,0.15641834364458002,93
41,0.1561985631426357,220,-7.073621534578727,0.1561985631426357,94
253,0.1550768571947207,219,-7.068412944062115,0.1550768571947207,95
286,0.1453655909372838,220,-7.074813648426172,0.1453655909372838,96
21,0.14384470234875657,244,-7.073577381874043,0.14384470234875657,97
15,0.1421584466085699,246,-7.075811833223999,0.1421584466085699,98
163,0.1406898649659264,225,-7.0773314461884675,0.1406898649659264,99
290,0.13915861397964988,242,-7.0788552143685415,0.13915861397964988,100
199,0.1372343021278443,250,-7.07837591489156,0.1372343021278443,101
272,0.13157241949776022,241,-7.083509121363259,0.13157241949776022,102
183,0.12749210376272124,237,-7.0864759913309046,0.12749210376272124,103
298,0.12294668007520888,254,-7.089439470936933,0.12294668007520888,104
98,0.11959979779789005,216,-7.092214627030455,0.11959979779789005,105
195,0.11830631359421909,210,-7.103098174503871,0.11830631359421909,106
114,0.11273359794714084,215,-7.105254530352215,0.11273359794714084,107
18,0.1070247635469586,250,-7.102690498987834,0.1070247635469586,108
205,0.10532108857008639,262,-7.1035485516371,0.10532108857008639,109
45,0.09201001078215926,253,-7.112275650692865,0.09201001078215926,110
282,0.09022788651549032,236,-7.095406047368454,0.09022788651549032,111
244,0.08795461324961114,213,-7.123287806115427,0.08795461324961114,112
151,0.0857437341507733,225,-7.119557341116447,0.0857437341507733,113
4,0.08483970518366189,265,-7.1211507119472675,0.08483970518366189,114
284,0.08472781165168401,235,-7.117600744666782,0.08472781165168401,115
6,0.08383499807547942,224,-7.118219847480455,0.08383499807547942,116
186,0.08312585959531656,254,-7.118985290602436,0.08312585959531656,117
130,0.08266291928124732,239,-7.121247013576193,0.08266291928124732,118
296,0.07721190763105525,243,-7.123035614055534,0.07721190763105525,119
51,0.07300959028578663,214,-7.126091193558643,0.07300959028578663,120
182,0.07122146474995182,231,-7.127961197972814,0.07122146474995182,121
124,0.06820210976030067,229,-7.131622531702078,0.06820210976030067,122
115,0.06729554378797398,224,-7.132526216762407,0.06729554378797398,123
260,0.06435314100884511,250,-7.132666000366211,0.06435314100884511,124
179,0.0614770315499142,243,-7.136270560354853,0.0614770315499142,125
46,0.061402446990152494,230,-7.134530953393466,0.061402446990152494,126
254,0.0604740522302687,227,-7.13565610123801,0.0604740522302687,127
269,0.058975278822038776,233,-7.136449884106332,0.058975278822038776,128
105,0.05825730108946506,239,-7.1371500555275205,0.05825730108946506,129
220,0.057022696213713184,244,-7.137923611317827,0.057022696213713184,130
85,0.05619098925710837,240,-7.138796193069882,0.05619098925710837,131
226,0.055158501917533964,210,-7.141992541721889,0.055158501917533964,132
87,0.05381753201590775,225,-7.143552922849302,0.05381753201590775,133
50,0.05158441677101235,209,-7.154041340476589,0.05158441677101235,134
219,0.05108454986776779,213,-7.149347812730195,0.05108454986776779,135
214,0.04754568321917668,259,-7.144606452190738,0.04754568321917668,136
291,0.04693809910691559,227,-7.149143081054464,0.04693809910691559,137
173,0.04606277986379529,214,-7.1573924906899995,0.04606277986379529,138
2,0.04362595384004337,231,-7.151763696519155,0.04362595384004337,139
141,0.04350720285551662,242,-7.147542902917573,0.04350720285551662,140
264,0.033654467542210846,225,-7.154707001580133,0.033654467542210846,141
149,0.0320665202248914,220,-7.15586162624937,0.0320665202248914,142
129,0.0320045022622755,262,-7.125596116214005,0.0320045022622755,143
12,0.03036768720708528,228,-7.162602129735444,0.03036768720708528,144
278,0.02859871875939994,227,-7.163946232956762,0.02859871875939994,145
26,0.022830740054904833,213,-7.16365977258936,0.022830740054904833,146
42,0.022720119962256008,225,-7.162657559712728,0.022720119962256008,147
69,0.021519359242648292,260,-7.159375677353297,0.021519359242648292,148
14,0.01694158985879826,230,-7.166859231478926,0.01694158985879826,149
242,0.014601195221517671,224,-7.168560973945119,0.014601195221517671,150
52,0.002860278871333451,251,-7.176602711873859,0.002860278871333451,151
153,0.002754983218122406,242,-7.180652114642225,0.002754983218122406,152
200,-0.0007258073468120363,266,-7.18047919667753,-0.0007258073468120363,153
146,-0.0011390284630112353,231,-7.1848850332813345,-0.0011390284630112353,154
157,-0.0012478067538870975,235,-7.186474089926862,-0.0012478067538870975,155
25,-0.001500888932687914,220,-7.180448629639366,-0.001500888932687914,156
44,-0.002221774679916039,237,-7.180793253848992,-0.002221774679916039,157
165,-0.003907489389921384,255,-7.182018966924131,-0.003907489389921384,158
84,-0.004365800742889644,226,-7.186978738216523,-0.004365800742889644,159
17,-0.00525593278340325,241,-7.182999444040849,-0.00525593278340325,160
159,-0.006127875769787617,248,-7.183633449257061,-0.006127875769787617,161
5,-0.0068071897433802046,220,-7.184139836918224,-0.0068071897433802046,162
152,-0.007481161719012934,227,-7.187368276010702,-0.007481161719012934,163
143,-0.007875578633251723,274,-7.1862712741768275,-0.007875578633251723,164
210,-0.0102188127218654,219,-7.187136073816494,-0.0102188127218654,165
258,-0.011609433315606094,214,-7.18761918700744,-0.011609433315606094,166
38,-0.013893439716596042,218,-7.192266910447987,-0.013893439716596042,167
108,-0.014350884573629924,238,-7.191384553241463,-0.014350884573629924,168
48,-0.015536464389824499,213,-7.19062291699023,-0.015536464389824499,169
64,-0.019719520961597185,234,-7.193516175631444,-0.019719520961597185,170
10,-0.021373498733654482,245,-7.195451564529315,-0.021373498733654482,171
250,-0.024404336193587315,217,-7.196922587908907,-0.024404336193587315,172
251,-0.029584925991455104,222,-7.20072112641893,-0.029584925991455104,173
136,-0.03212681129139776,208,-7.203080069560271,-0.03212681129139776,174
9,-0.03698351499483891,225,-7.207338701883952,-0.03698351499483891,175
57,-0.0422647105423063,216,-7.213485265955513,-0.0422647105423063,176
243,-0.05015427803257604,238,-7.21564582749909,-0.05015427803257604,177
91,-0.051164086836125076,254,-7.216380077397103,-0.051164086836125076,178
125,-0.05826170918313334,209,-7.22154088453813,-0.05826170918313334,179
167,-0.05875135398684483,246,-7.2218969139626354,-0.05875135398684483,180
94,-0.059542260935119856,239,-7.22357447410062,-0.059542260935119856,181
150,-0.061660537699783274,266,-7.225827085643185,-0.061660537699783274,182
53,-0.06528900786706872,220,-7.226650558095989,-0.06528900786706872,183
101,-0.06538561718922832,223,-7.237824460672512,-0.06538561718922832,184
194,-0.07183016673445469,233,-7.2314067507676985,-0.07183016673445469,185
30,-0.0744036972657211,230,-7.229612792747608,-0.0744036972657211,186
256,-0.07525321715767169,220,-7.2338957114653155,-0.07525321715767169,187
109,-0.0753823873327956,245,-7.2345945890257966,-0.0753823873327956,188
285,-0.07560463833642153,216,-7.239994149885059,-0.07560463833642153,189
95,-0.07749770937615309,249,-7.237820317627117,-0.07749770937615309,190
80,-0.08391105355897387,260,-7.240190977927966,-0.08391105355897387,191
7,-0.08542794302613835,227,-7.241293935173584,-0.08542794302613835,192
180,-0.0886249391938664,228,-7.244002766079372,-0.0886249391938664,193
241,-0.09103537597045645,239,-7.246826661348011,-0.09103537597045645,194
189,-0.0921568500064619,235,-7.246689778862271,-0.0921568500064619,195
187,-0.09229573566105934,235,-7.2465651383636684,-0.09229573566105934,196
185,-0.09327434510673478,237,-7.246999193344438,-0.09327434510673478,197
262,-0.09503069083500446,222,-7.252796640625228,-0.09503069083500446,198
62,-0.09537189558987703,226,-7.252042352625754,-0.09537189558987703,199
112,-0.10136150734551266,262,-7.253847194991949,-0.10136150734551266,200
0,-0.10170996397364579,227,-7.263262833442632,-0.10170996397364579,201
147,-0.10320066459371983,232,-7.254216796365277,-0.10320066459371983,202
188,-0.10880493615436686,247,-7.261752375063465,-0.10880493615436686,203
27,-0.1088860278956019,264,-7.263653101945165,-0.1088860278956019,204
261,-0.11149436989335226,237,-7.262167137215744,-0.11149436989335226,205
177,-0.1166683134071604,228,-7.264009362772891,-0.1166683134071604,206
100,-0.11877149625892995,231,-7.271933334042327,-0.11877149625892995,207
211,-0.12274553509043043,222,-7.272188369218294,-0.12274553509043043,208
198,-0.12560635000927148,233,-7.2743271457961365,-0.12560635000927148,209
23,-0.12586796357589852,250,-7.274805526097615,-0.12586796357589852,210
138,-0.1278546551380697,218,-7.272143150323758,-0.1278546551380697,211
29,-0.1284454700522226,232,-7.2740921857713285,-0.1284454700522226,212
16,-0.131421144975804,228,-7.274988863900391,-0.131421144975804,213
111,-0.13290447194464478,263,-7.275814961722293,-0.13290447194464478,214
257,-0.13329519266741932,244,-7.276861528229843,-0.13329519266741932,215
295,-0.13464751678123826,266,-7.2820730322883245,-0.13464751678123826,216
160,-0.13474673916359411,256,-7.278043066461881,-0.13474673916359411,217
126,-0.13737674643257114,240,-7.27894703745842,-0.13737674643257114,218
144,-0.14427381196068423,222,-7.286209389254137,-0.14427381196068423,219
202,-0.15035465096444403,258,-7.288684464240259,-0.15035465096444403,220
265,-0.15461992434523897,238,-7.291604652458212,-0.15461992434523897,221
231,-0.15522671211686057,235,-7.292309169228195,-0.15522671211686057,222
170,-0.16108168356552796,251,-7.296517532343567,-0.16108168356552796,223
175,-0.16717520691678314,217,-7.3007338211833055,-0.16717520691678314,224
246,-0.16959111472653435,222,-7.317396814042741,-0.16959111472653435,225
67,-0.17026933570325722,212,-7.303670390596929,-0.17026933570325722,226
127,-0.17099689586060488,244,-7.3079874300565875,-0.17099689586060488,227
277,-0.17341241191492976,226,-7.310691645011789,-0.17341241191492976,228
22,-0.175957545622983,215,-7.301905621669089,-0.175957545622983,229
249,-0.17624940977718154,241,-7.30733183508592,-0.17624940977718154,230
239,-0.17725192000619683,242,-7.309721365447872,-0.17725192000619683,231
171,-0.18786753615575388,226,-7.330544272003625,-0.18786753615575388,232
145,-0.19660149395457405,239,-7.322130196596621,-0.19660149395457405,233
225,-0.20315322204375125,213,-7.3293615850111316,-0.20315322204375125,234
135,-0.21137497966780638,209,-7.33709137671682,-0.21137497966780638,235
60,-0.2274261844590089,238,-7.348995127263858,-0.2274261844590089,236
83,-0.23513684725690479,221,-7.354432218215045,-0.23513684725690479,237
32,-0.24681495295965536,211,-7.360956927234716,-0.24681495295965536,238
221,-0.24791042526102594,236,-7.360989684438975,-0.24791042526102594,239
216,-0.2528880513003511,225,-7.3631465586909535,-0.2528880513003511,240
117,-0.2598741567781051,260,-7.369176876239288,-0.2598741567781051,241
238,-0.26189914627881433,246,-7.370512261300229,-0.26189914627881433,242
232,-0.28738659307494197,213,-7.392582939637472,-0.28738659307494197,243
63,-0.29318367844051446,214,-7.397451390358518,-0.29318367844051446,244
139,-0.2945061222432399,210,-7.398028975441342,-0.2945061222432399,245
39,-0.3060960329407332,248,-7.403670260342218,-0.3060960329407332,246
96,-0.31919392331186874,223,-7.431062249324781,-0.31919392331186874,247
99,-0.32169513269976413,253,-7.414555982481663,-0.32169513269976413,248
47,-0.33007441711406166,217,-7.419180727224745,-0.33007441711406166,249
49,-0.33419041555806034,226,-7.422839175986681,-0.33419041555806034,250
119,-0.3348745448763113,218,-7.445127444165198,-0.3348745448763113,251
245,-0.33892965836076744,232,-7.431664251047989,-0.33892965836076744,252
196,-0.34546988881805074,222,-7.4329163154682245,-0.34546988881805074,253
240,-0.3562043315648084,247,-7.43818025164276,-0.3562043315648084,254
192,-0.36704371580273953,215,-7.449458644186804,-0.36704371580273953,255
164,-0.37445656664844984,230,-7.463023086216139,-0.37445656664844984,256
74,-0.37758958982723523,257,-7.456146608221546,-0.37758958982723523,257
40,-0.38270747794010085,244,-7.457542988120532,-0.38270747794010085,258
215,-0.3860320429185391,245,-7.461921405143478,-0.3860320429185391,259
31,-0.3878209119725404,229,-7.477430283242438,-0.3878209119725404,260
93,-0.3934716827111994,216,-7.483821319945065,-0.3934716827111994,261
137,-0.39832648911199053,275,-7.477014222000585,-0.39832648911199053,262
76,-0.3999707803090763,232,-7.476271541639306,-0.3999707803090763,263
122,-0.40095099436600506,219,-7.471130008929759,-0.40095099436600506,264
107,-0.4039397342503505,259,-7.472889509900656,-0.4039397342503505,265
169,-0.4042058916025794,242,-7.4738618848080804,-0.4042058916025794,266
274,-0.4053107287701619,240,-7.474284423722161,-0.4053107287701619,267
201,-0.4231647370266709,226,-7.497977401654628,-0.4231647370266709,268
292,-0.43260434568244444,249,-7.4952938636463164,-0.43260434568244444,269
289,-0.43595158619300645,210,-7.504599272258698,-0.43595158619300645,270
168,-0.43656710031196294,243,-7.499589171756278,-0.43656710031196294,271
223,-0.44921561027703505,243,-7.50907471085118,-0.44921561027703505,272
233,-0.4533568933920657,201,-7.514448074954461,-0.4533568933920657,273
270,-0.46125473313826226,255,-7.518767062043833,-0.46125473313826226,274
280,-0.48852965029061984,218,-7.548783437921367,-0.48852965029061984,275
191,-0.5025771854271073,236,-7.556779408185495,-0.5025771854271073,276
207,-0.5080101121549664,246,-7.5523992838252205,-0.5080101121549664,277
271,-0.5081810644860922,226,-7.5527336836564505,-0.5081810644860922,278
266,-0.5342081683548766,205,-7.569332884966842,-0.5342081683548766,279
104,-0.5390373688147818,219,-7.571895176235762,-0.5390373688147818,280
34,-0.5403963124390011,212,-7.5780089538802144,-0.5403963124390011,281
3,-0.5411590802111165,220,-7.584870907032129,-0.5411590802111165,282
206,-0.5633393035023673,262,-7.5902836735315296,-0.5633393035023673,283
33,-0.5667450893625552,243,-7.596931915387859,-0.5667450893625552,284
279,-0.5859821607983992,239,-7.608516349287046,-0.5859821607983992,285
19,-0.5955210150953167,210,-7.616745172228132,-0.5955210150953167,286
263,-0.601579131764177,244,-7.621279064423399,-0.601579131764177,287
70,-0.6201879642926001,206,-7.632406834259774,-0.6201879642926001,288
106,-0.6730828880988576,214,-7.682174187954341,-0.6730828880988576,289
217,-0.704485195336076,210,-7.70031851511153,-0.704485195336076,290
121,-0.738803269038678,240,-7.718858802318573,-0.738803269038678,291
287,-0.7571774181900361,238,-7.739199524166203,-0.7571774181900361,292
178,-0.780597940381614,203,-7.751677433258207,-0.780597940381614,293
36,-0.8081875371120709,258,-7.7690777063985825,-0.8081875371120709,294
68,-0.8138109246322879,257,-7.775386551784015,-0.8138109246322879,295
55,-0.9501031935254425,229,-7.886902425313447,-0.9501031935254425,296
255,-1.0191742681530638,203,-7.926369927003857,-1.0191742681530638,297
247,-1.0647670246481509,206,-7.967621775506769,-1.0647670246481509,298
132,-1.1472860565800929,222,-8.023173877068826,-1.1472860565800929,299
