episode_idx,deminf_score,num_score_samples,raw_mean,raw_std,rank,selected
212,0.7413921545644734,243,-6.603668237092237,1.026359492262286,1,True
110,0.7336573716766062,231,-6.605223282075031,1.1322343235806764,2,True
204,0.7029831052049095,239,-6.662952714385348,1.0157941095113345,3,True
8,0.7012209710166164,251,-6.645478880896195,1.0439011823060547,4,True
229,0.6833660788140664,225,-6.64017009417216,1.0718995277479013,5,True
158,0.6713181412069309,254,-6.623148088380108,1.1837724362470847,6,True
120,0.653281010360005,213,-6.633634809783554,1.277964402763935,7,True
293,0.6446132092247698,208,-6.661682497232388,1.1565919954563872,8,True
54,0.6220040344114566,224,-6.706658461264202,1.1067810238318938,9,True
128,0.6192864340447521,216,-6.708498144591296,1.0031413781313276,10,True
174,0.6094578084713012,223,-6.714232260158065,1.0723485155025334,11,True
103,0.606948649054991,251,-6.694531108278677,1.1375404022888085,12,True
71,0.5572878880359176,233,-6.749155960710604,1.0476841484854802,13,True
118,0.5438740217071562,233,-6.783264282946934,0.9555346402476326,14,True
140,0.5265309422299866,248,-6.796538174152374,0.8400328003237043,15,True
197,0.5229794057578383,239,-6.798910156952287,0.7439873832789338,16,True
65,0.5114395506137834,215,-6.799968794889228,0.8688803372372126,17,True
75,0.5082464287741764,238,-6.809622765923081,0.8196511848876046,18,True
148,0.5079759971020033,236,-6.801149957597592,0.8955317186586782,19,True
82,0.49200197839107757,233,-6.818201139420058,1.0074922106207185,20,True
134,0.49194877068070986,211,-6.805305009392955,1.0375794943908412,21,True
281,0.48763794084396384,239,-6.824607563151807,0.5126688805902645,22,True
37,0.4775560538733947,239,-6.8319382820501815,0.7410716488889739,23,True
213,0.4752284149013714,219,-6.813628375620965,1.1097606976667704,24,True
131,0.45304973631766915,239,-6.8497572603584835,0.6839215983767025,25,True
43,0.4488939776432127,230,-6.852778986225958,0.6201686529043584,26,True
154,0.4407550204419951,234,-6.858365613171178,0.7479405823959662,27,True
230,0.42994898441115176,230,-6.861077381216961,0.9695783086969286,28,True
222,0.42970700797344397,225,-6.841832761764526,1.066675350853152,29,True
176,0.41615248755816153,247,-6.8706955681284745,1.0126091592124535,30,True
259,0.40312359416227994,210,-6.887732242402576,0.653179747659924,31,True
268,0.39580697714063473,243,-6.890840811657481,0.6749608116999944,32,True
28,0.3887571017754974,258,-6.823559489053041,1.3157459840249948,33,True
116,0.3851692493471388,247,-6.8935585723393045,1.0634906809375446,34,True
123,0.38040299562919644,230,-6.902579994478088,0.8783575179412,35,True
294,0.369961913729435,231,-6.909185876749983,0.8728116385117082,36,True
78,0.3595230263862778,261,-6.918427685972679,0.6169087740168251,37,True
90,0.35638782679885256,227,-6.921458815688078,0.6187670669603915,38,True
228,0.3556871744106481,242,-6.920551306616833,0.7587734163773522,39,True
59,0.3527761694403375,228,-6.923033711505912,0.5790938290156001,40,True
66,0.34330162368130185,240,-6.92970019446479,0.7576237857833116,41,True
1,0.3429222811331224,227,-6.914850078840438,0.9697228407358233,42,True
161,0.3425540764304631,218,-6.928094694009251,0.9838210496749975,43,True
237,0.34188257191566124,219,-6.931234716824745,0.7967985544187935,44,True
20,0.3352369955532925,230,-6.893535985462907,1.2290472325212647,45,True
224,0.3294135692847474,238,-6.939867699513583,0.5614759671719178,46,True
234,0.32748105384916776,237,-6.941060477335912,0.5858662183950337,47,True
86,0.32402199371751633,229,-6.943409542850011,0.6864709705962965,48,True
61,0.32369610744194693,217,-6.941208607956377,0.8696196808463091,49,True
203,0.32160140004822463,229,-6.9407972775866025,1.1290564082272807,50,True
97,0.31597662932020687,217,-6.940389943745463,1.1217865304879246,51,True
209,0.31075917489748706,245,-6.953219252216573,0.5935004287357376,52,True
81,0.3017636118635864,223,-6.959760085706041,0.6179697888933652,53,True
156,0.30148180225179466,215,-6.954789488075315,0.8963920409724454,54,True
275,0.29830781012789753,212,-6.962362881726439,0.5898001303602312,55,True
181,0.28382574006932576,228,-6.973094243752329,0.680173119076391,56,True
236,0.27540722413479723,216,-6.977157160823729,0.9165891106402376,57,True
24,0.26846592631794663,232,-6.984545852261029,0.8178003842922251,58,True
235,0.2578937990542954,249,-6.990655378165494,0.975108548512594,59,True
227,0.25747707488219923,242,-6.991961612517511,0.6217109179582166,60,True
77,0.24703115711615858,224,-6.999557024666241,0.6142608644316758,61,True
276,0.24177037015827493,226,-7.00338223620502,0.5936498887147932,62,True
142,0.24061949913913536,232,-7.004305808708586,0.5328916767185425,63,True
288,0.2384161576027098,255,-7.006473643483679,0.5980415767199989,64,True
184,0.23421380539142828,218,-7.0104459024715124,0.5514851173094175,65,True
88,0.2298519433922444,257,-7.0119884697534385,0.8442034825051772,66,True
252,0.22846646517632924,210,-7.027356678342062,0.6575026240934323,67,True
13,0.22699890601186504,218,-6.998303803464324,1.121224797004132,68,True
11,0.224537779014169,244,-7.003486802994879,1.0479114964854763,69,True
190,0.22347949038596676,220,-7.018237928188208,0.86392896146742,70,True
297,0.22175189660800768,259,-7.0182413263210455,0.6560241617588587,71,True
193,0.21889666847627576,242,-7.021160892875399,0.6581111846904315,72,True
133,0.21856424717609563,241,-7.024981552799378,0.8507551929934222,73,True
56,0.21847594519776958,218,-7.020537124861271,0.5639590106580611,74,True
113,0.21562922310241417,240,-7.022647039095561,0.5405392517387163,75,True
267,0.21457381886136342,221,-7.023157331199128,0.6342884881006199,76,True
283,0.21182670310835727,231,-7.025507859509401,0.5840102826540481,77,True
218,0.2087639326383808,234,-7.027381802556182,0.5074204561338602,78,True
166,0.19732447645485374,219,-7.03988750884522,0.6303126744221709,79,True
89,0.19559477118549579,246,-7.0387458949877315,0.5346818393102629,80,True
155,0.1940619389288148,238,-7.038271401776654,0.7448323414534345,81,True
172,0.19114250003033145,235,-7.040194658861092,0.4463377018191259,82,True
72,0.18975030451402805,245,-7.04476594211293,0.6419271875503516,83,True
248,0.18671346654943405,234,-7.044342293698564,0.531914144863318,84,True
73,0.1865486998805848,222,-7.043534892457383,0.5894035159849013,85,True
208,0.18485375391003397,244,-7.046254049233401,0.7051878406278745,86,True
273,0.1763988033075624,239,-7.050915062344391,0.6420456865666683,87,True
35,0.1725240813240684,237,-7.053732441447456,0.6395908282606575,88,True
58,0.1698003376088273,238,-7.059883253914969,0.7746345885797548,89,True
102,0.16864964450232878,243,-7.056549613204349,0.608104944576254,90,True
162,0.15842393866099172,243,-7.0643957096199275,0.5637395120656077,91,True
92,0.15785518380648048,236,-7.06439845710151,0.6614331070811006,92,True
79,0.15641834364458002,246,-7.066552030361764,0.6792871961063508,93,True
41,0.1561985631426357,220,-7.073621534578727,0.6710595368657322,94,True
253,0.1550768571947207,219,-7.068412944062115,0.6609055317859187,95,True
286,0.1453655909372838,220,-7.074813648426172,0.7493244826721885,96,True
21,0.14384470234875657,244,-7.073577381874043,0.8751730832088641,97,True
15,0.1421584466085699,246,-7.075811833223999,0.5053774972623508,98,True
163,0.1406898649659264,225,-7.0773314461884675,0.5145164455199419,99,True
290,0.13915861397964988,242,-7.0788552143685415,0.5370866267504765,100,True
199,0.1372343021278443,250,-7.07837591489156,0.8242324117461207,101,True
272,0.13157241949776022,241,-7.083509121363259,0.6081502031556076,102,True
183,0.12749210376272124,237,-7.0864759913309046,0.6019210046762254,103,True
298,0.12294668007520888,254,-7.089439470936933,0.6740451513638168,104,True
98,0.11959979779789005,216,-7.092214627030455,0.5467867863288507,105,True
195,0.11830631359421909,210,-7.103098174503871,0.6432265807623421,106,True
114,0.11273359794714084,215,-7.105254530352215,0.6196607611719638,107,True
18,0.1070247635469586,250,-7.102690498987834,0.874499621207202,108,True
205,0.10532108857008639,262,-7.1035485516371,0.7935872019863143,109,True
45,0.09201001078215926,253,-7.112275650692865,0.6474207813535604,110,True
282,0.09022788651549032,236,-7.095406047368454,1.004541071534208,111,True
244,0.08795461324961114,213,-7.123287806115427,0.5893755022864986,112,True
151,0.0857437341507733,225,-7.119557341116447,0.7163709782248587,113,False
4,0.08483970518366189,265,-7.1211507119472675,0.7702703928222163,114,False
284,0.08472781165168401,235,-7.117600744666782,0.8619367623581203,115,False
6,0.08383499807547942,224,-7.118219847480455,0.5145670120897555,116,False
186,0.08312585959531656,254,-7.118985290602436,0.6944233599115558,117,False
130,0.08266291928124732,239,-7.121247013576193,0.8310873705615097,118,False
296,0.07721190763105525,243,-7.123035614055534,0.6624755779125192,119,False
51,0.07300959028578663,214,-7.126091193558643,0.6031611432693155,120,False
182,0.07122146474995182,231,-7.127961197972814,0.5778965368287501,121,False
124,0.06820210976030067,229,-7.131622531702078,0.4871338180256004,122,False
115,0.06729554378797398,224,-7.132526216762407,0.5665944393520749,123,False
260,0.06435314100884511,250,-7.132666000366211,0.7423264509031765,124,False
179,0.0614770315499142,243,-7.136270560354853,0.5081849768101372,125,False
46,0.061402446990152494,230,-7.134530953393466,0.6761635269488593,126,False
254,0.0604740522302687,227,-7.13565610123801,0.7269177369621067,127,False
269,0.058975278822038776,233,-7.136449884106332,0.7549979945845964,128,False
105,0.05825730108946506,239,-7.1371500555275205,0.6682671253666976,129,False
220,0.057022696213713184,244,-7.137923611317827,0.572832447450547,130,False
85,0.05619098925710837,240,-7.138796193069882,0.5506522739457956,131,False
226,0.055158501917533964,210,-7.141992541721889,0.6218910745693609,132,False
87,0.05381753201590775,225,-7.143552922849302,0.5445653490666666,133,False
50,0.05158441677101235,209,-7.154041340476589,0.6608100534318696,134,False
219,0.05108454986776779,213,-7.149347812730195,0.6371416276237508,135,False
214,0.04754568321917668,259,-7.144606452190738,0.8034096694611332,136,False
291,0.04693809910691559,227,-7.149143081054464,0.5610721693808567,137,False
173,0.04606277986379529,214,-7.1573924906899995,0.5506435689394318,138,False
2,0.04362595384004337,231,-7.151763696519155,0.5850812530862992,139,False
141,0.04350720285551662,242,-7.147542902917573,0.5301259006797889,140,False
264,0.033654467542210846,225,-7.154707001580133,0.6232856270518612,141,False
149,0.0320665202248914,220,-7.15586162624937,0.6112383237929014,142,False
129,0.0320045022622755,262,-7.125596116214005,1.1697123904962285,143,False
12,0.03036768720708528,228,-7.162602129735444,0.793863435210971,144,False
278,0.02859871875939994,227,-7.163946232956762,0.6672495553501787,145,False
26,0.022830740054904833,213,-7.16365977258936,0.5653226771158543,146,False
42,0.022720119962256008,225,-7.162657559712728,0.6998887073329978,147,False
69,0.021519359242648292,260,-7.159375677353297,0.7024056869228884,148,False
14,0.01694158985879826,230,-7.166859231478926,0.5475146411948116,149,False
242,0.014601195221517671,224,-7.168560973945119,0.5014021875281726,150,False
52,0.002860278871333451,251,-7.176602711873859,0.7950344854027321,151,False
153,0.002754983218122406,242,-7.180652114642225,0.5411609777434193,152,False
200,-0.0007258073468120363,266,-7.18047919667753,0.6573362853036759,153,False
146,-0.0011390284630112353,231,-7.1848850332813345,0.6151087352601092,154,False
157,-0.0012478067538870975,235,-7.186474089926862,0.5044959241301974,155,False
25,-0.001500888932687914,220,-7.180448629639366,0.5317547875151596,156,False
44,-0.002221774679916039,237,-7.180793253848992,0.46803322217808585,157,False
165,-0.003907489389921384,255,-7.182018966924131,0.550883946593998,158,False
84,-0.004365800742889644,226,-7.186978738216523,0.5541546499921457,159,False
17,-0.00525593278340325,241,-7.182999444040849,0.6788866528505271,160,False
159,-0.006127875769787617,248,-7.183633449257061,0.7289249398827905,161,False
5,-0.0068071897433802046,220,-7.184139836918224,0.7210789323140231,162,False
152,-0.007481161719012934,227,-7.187368276010702,0.5769494810964071,163,False
143,-0.007875578633251723,274,-7.1862712741768275,0.776267362141518,164,False
210,-0.0102188127218654,219,-7.187136073816494,0.8759832026041118,165,False
258,-0.011609433315606094,214,-7.18761918700744,0.6774718546367983,166,False
38,-0.013893439716596042,218,-7.192266910447987,0.5494669528017943,167,False
108,-0.014350884573629924,238,-7.191384553241463,0.818848024941234,168,False
48,-0.015536464389824499,213,-7.19062291699023,0.6431156198498615,169,False
64,-0.019719520961597185,234,-7.193516175631444,0.4251676026099746,170,False
10,-0.021373498733654482,245,-7.195451564529315,0.6715202920570037,171,False
250,-0.024404336193587315,217,-7.196922587908907,0.41324736494301717,172,False
251,-0.029584925991455104,222,-7.20072112641893,0.6057187973888728,173,False
136,-0.03212681129139776,208,-7.203080069560271,0.5916262901905491,174,False
9,-0.03698351499483891,225,-7.207338701883952,0.7001336930342594,175,False
57,-0.0422647105423063,216,-7.213485265955513,0.5058729903042212,176,False
243,-0.05015427803257604,238,-7.21564582749909,0.45085500187413025,177,False
91,-0.051164086836125076,254,-7.216380077397103,0.6045193508557404,178,False
125,-0.05826170918313334,209,-7.22154088453813,0.4015176032016687,179,False
167,-0.05875135398684483,246,-7.2218969139626354,0.5702032432657544,180,False
94,-0.059542260935119856,239,-7.22357447410062,0.5208420250105392,181,False
150,-0.061660537699783274,266,-7.225827085643185,0.5701753785157758,182,False
53,-0.06528900786706872,220,-7.226650558095989,0.6203566724419701,183,False
101,-0.06538561718922832,223,-7.237824460672512,0.6805350763502327,184,False
194,-0.07183016673445469,233,-7.2314067507676985,0.7764692308933597,185,False
30,-0.0744036972657211,230,-7.229612792747608,0.8254960203212468,186,False
256,-0.07525321715767169,220,-7.2338957114653155,0.5354083876482209,187,False
109,-0.0753823873327956,245,-7.2345945890257966,0.7363849162401619,188,False
285,-0.07560463833642153,216,-7.239994149885059,0.6662635855908331,189,False
95,-0.07749770937615309,249,-7.237820317627117,0.68162034607635,190,False
80,-0.08391105355897387,260,-7.240190977927966,0.6903231899385454,191,False
7,-0.08542794302613835,227,-7.241293935173584,0.516301810381538,192,False
180,-0.0886249391938664,228,-7.244002766079372,0.5919541189631816,193,False
241,-0.09103537597045645,239,-7.246826661348011,0.4613725195363799,194,False
189,-0.0921568500064619,235,-7.246689778862271,0.5831607510830896,195,False
187,-0.09229573566105934,235,-7.2465651383636684,0.4917698154102554,196,False
185,-0.09327434510673478,237,-7.246999193344438,0.6016035974517517,197,False
262,-0.09503069083500446,222,-7.252796640625228,0.6262240987287945,198,False
62,-0.09537189558987703,226,-7.252042352625754,0.8805941309339825,199,False
112,-0.10136150734551266,262,-7.253847194991949,1.0333071268773424,200,False
0,-0.10170996397364579,227,-7.263262833442632,0.6009748861926039,201,False
147,-0.10320066459371983,232,-7.254216796365277,0.46552487651034696,202,False
188,-0.10880493615436686,247,-7.261752375063465,0.7132465762097,203,False
27,-0.1088860278956019,264,-7.263653101945165,0.6339341981320624,204,False
261,-0.11149436989335226,237,-7.262167137215744,0.9304383842771621,205,False
177,-0.1166683134071604,228,-7.264009362772891,0.4287786093226335,206,False
100,-0.11877149625892995,231,-7.271933334042327,0.5140925577547455,207,False
211,-0.12274553509043043,222,-7.272188369218294,0.6029146680152881,208,False
198,-0.12560635000927148,233,-7.2743271457961365,0.6677293649319984,209,False
23,-0.12586796357589852,250,-7.274805526097615,0.6628309872173641,210,False
138,-0.1278546551380697,218,-7.272143150323758,0.4673257739540515,211,False
29,-0.1284454700522226,232,-7.2740921857713285,0.6286803593763873,212,False
16,-0.131421144975804,228,-7.274988863900391,0.6934483884734637,213,False
111,-0.13290447194464478,263,-7.275814961722293,0.5818121887919766,214,False
257,-0.13329519266741932,244,-7.276861528229843,0.6170887345207531,215,False
295,-0.13464751678123826,266,-7.2820730322883245,0.7520241501232308,216,False
160,-0.13474673916359411,256,-7.278043066461881,0.5455549672144918,217,False
126,-0.13737674643257114,240,-7.27894703745842,0.5435597421557277,218,False
144,-0.14427381196068423,222,-7.286209389254137,0.5659889727258589,219,False
202,-0.15035465096444403,258,-7.288684464240259,0.6335323256093357,220,False
265,-0.15461992434523897,238,-7.291604652458212,0.5847956251823816,221,False
231,-0.15522671211686057,235,-7.292309169228195,0.44568223188520684,222,False
170,-0.16108168356552796,251,-7.296517532343567,0.4772979451856648,223,False
175,-0.16717520691678314,217,-7.3007338211833055,0.586922421897218,224,False
246,-0.16959111472653435,222,-7.317396814042741,0.6299848552058331,225,False
67,-0.17026933570325722,212,-7.303670390596929,0.606039947079139,226,False
127,-0.17099689586060488,244,-7.3079874300565875,0.5182914280534447,227,False
277,-0.17341241191492976,226,-7.310691645011789,0.5457512080336362,228,False
22,-0.175957545622983,215,-7.301905621669089,0.8360330696469079,229,False
249,-0.17624940977718154,241,-7.30733183508592,0.5736641099585034,230,False
239,-0.17725192000619683,242,-7.309721365447872,0.5915069536429637,231,False
171,-0.18786753615575388,226,-7.330544272003625,0.7488861166862335,232,False
145,-0.19660149395457405,239,-7.322130196596621,0.411634395596612,233,False
225,-0.20315322204375125,213,-7.3293615850111316,0.5649868706434823,234,False
135,-0.21137497966780638,209,-7.33709137671682,0.7877744408936833,235,False
60,-0.2274261844590089,238,-7.348995127263858,0.5708897181006284,236,False
83,-0.23513684725690479,221,-7.354432218215045,0.5450683013831706,237,False
32,-0.24681495295965536,211,-7.360956927234716,0.9673041890485071,238,False
221,-0.24791042526102594,236,-7.360989684438975,0.5201779088475319,239,False
216,-0.2528880513003511,225,-7.3631465586909535,0.5602505595069939,240,False
117,-0.2598741567781051,260,-7.369176876239288,0.6979400200948059,241,False
238,-0.26189914627881433,246,-7.370512261300229,0.5712350052965329,242,False
232,-0.28738659307494197,213,-7.392582939637472,0.505278589416799,243,False
63,-0.29318367844051446,214,-7.397451390358518,0.539306183683943,244,False
139,-0.2945061222432399,210,-7.398028975441342,0.482251784652945,245,False
39,-0.3060960329407332,248,-7.403670260342218,0.6482163921754754,246,False
96,-0.31919392331186874,223,-7.431062249324781,0.6335675201368595,247,False
99,-0.32169513269976413,253,-7.414555982481663,0.6036265659555815,248,False
47,-0.33007441711406166,217,-7.419180727224745,0.626663754898065,249,False
49,-0.33419041555806034,226,-7.422839175986681,0.5127888947604526,250,False
119,-0.3348745448763113,218,-7.445127444165198,0.6832449782654014,251,False
245,-0.33892965836076744,232,-7.431664251047989,0.6697789184473192,252,False
196,-0.34546988881805074,222,-7.4329163154682245,0.5030533653645421,253,False
240,-0.3562043315648084,247,-7.43818025164276,0.4162145082738618,254,False
192,-0.36704371580273953,215,-7.449458644186804,0.47249876140080377,255,False
164,-0.37445656664844984,230,-7.463023086216139,0.6360873142746771,256,False
74,-0.37758958982723523,257,-7.456146608221546,0.6215917502949571,257,False
40,-0.38270747794010085,244,-7.457542988120532,0.414963642171744,258,False
215,-0.3860320429185391,245,-7.461921405143478,0.5401755079855991,259,False
31,-0.3878209119725404,229,-7.477430283242438,0.767391727333836,260,False
93,-0.3934716827111994,216,-7.483821319945065,0.8250204139463706,261,False
137,-0.39832648911199053,275,-7.477014222000585,0.700700474245068,262,False
76,-0.3999707803090763,232,-7.476271541639306,0.693844101518925,263,False
122,-0.40095099436600506,219,-7.471130008929759,0.450057449891007,264,False
107,-0.4039397342503505,259,-7.472889509900656,0.4078238635658958,265,False
169,-0.4042058916025794,242,-7.4738618848080804,0.6134006734236468,266,False
274,-0.4053107287701619,240,-7.474284423722161,0.5599908053568736,267,False
201,-0.4231647370266709,226,-7.497977401654628,0.701703795020092,268,False
292,-0.43260434568244444,249,-7.4952938636463164,0.4864367475949297,269,False
289,-0.43595158619300645,210,-7.504599272258698,0.517926940826644,270,False
168,-0.43656710031196294,243,-7.499589171756278,0.5395539844420787,271,False
223,-0.44921561027703505,243,-7.50907471085118,0.5293744855029248,272,False
233,-0.4533568933920657,201,-7.514448074954461,0.5252693722710566,273,False
270,-0.46125473313826226,255,-7.518767062043833,0.7004923061625238,274,False
280,-0.48852965029061984,218,-7.548783437921367,0.534096398202803,275,False
191,-0.5025771854271073,236,-7.556779408185495,0.6809765075678071,276,False
207,-0.5080101121549664,246,-7.5523992838252205,0.7326788645736271,277,False
271,-0.5081810644860922,226,-7.5527336836564505,0.4943366819600114,278,False
266,-0.5342081683548766,205,-7.569332884966842,0.39330789910432573,279,False
104,-0.5390373688147818,219,-7.571895176235762,0.5841332620643902,280,False
34,-0.5403963124390011,212,-7.5780089538802144,0.5188323150902292,281,False
3,-0.5411590802111165,220,-7.584870907032129,0.6083459154714477,282,False
206,-0.5633393035023673,262,-7.5902836735315296,0.5761270188544745,283,False
33,-0.5667450893625552,243,-7.596931915387859,0.6952038514061143,284,False
279,-0.5859821607983992,239,-7.608516349287046,0.566141179783515,285,False
19,-0.5955210150953167,210,-7.616745172228132,0.40672812861994745,286,False
263,-0.601579131764177,244,-7.621279064423399,0.5545754513517954,287,False
70,-0.6201879642926001,206,-7.632406834259774,0.42269462884627734,288,False
106,-0.6730828880988576,214,-7.682174187954341,0.6905567320569952,289,False
217,-0.704485195336076,210,-7.70031851511153,0.4743584562936579,290,False
121,-0.738803269038678,240,-7.718858802318573,0.41441422107758863,291,False
287,-0.7571774181900361,238,-7.739199524166203,0.5227603743990046,292,False
178,-0.780597940381614,203,-7.751677433258207,0.7828646491982324,293,False
36,-0.8081875371120709,258,-7.7690777063985825,0.469125616681512,294,False
68,-0.8138109246322879,257,-7.775386551784015,0.4326533970714529,295,False
55,-0.9501031935254425,229,-7.886902425313447,0.5873695509230916,296,False
255,-1.0191742681530638,203,-7.926369927003857,0.3837532008700492,297,False
247,-1.0647670246481509,206,-7.967621775506769,0.43521224361760386,298,False
132,-1.1472860565800929,222,-8.023173877068826,0.5037754219229494,299,False
